Key,SourceString,ru,ref
hud.inspect.close,Close,Закрыть,04 §1.7 · RU сост.
hud.inspect.hidden,Hidden information,Скрытая информация,04 §1.7 · RU 04
hud.inspect.copies,In deck: {n} · in hand: {h} · in discard: {d},В колоде: {n} · в руке: {h} · в сбросе: {d},04 §1.7 · RU 04
hud.inspect.type.attack,Attack,Атака,04 §1.7 · RU сост.
hud.inspect.type.defense,Defense,Защита,04 §1.7 · RU сост.
hud.inspect.type.versatile,Versatile,Универсальная,04 §1.7 · RU сост.
hud.inspect.type.scheme,Scheme,Схема,04 §1.7 · RU сост. (как кнопка «СХЕМА» 04 §2.14)
hud.inspect.value,Value {n},Значение {n},04 §1.7 · RU сост.
hud.inspect.boost,BOOST {n},BOOST {n},"04 §1.7 · RU сост. (BOOST латиницей, как на RU-картах и в why.boost.no.value)"
hud.inspect.lang.toggle,Card language,Язык карты,"04 §1.7 · RU сост. (клавиша Tab — чипом, ВР-H09)"
hud.inspect.art.missing,Card scan unavailable,Скан карты недоступен,04 §1.7 · RU сост.
hud.inspect.deck.title,Deck · {hero},Колода · {hero},04 §1.7 · SC-23 (CX-23 макет) · VS-4 V4
hud.inspect.copies.short,×{n},×{n},04 §1.7 · SC-23 чип копий (табличные цифры) · VS-4 V4
hud.inspect.back,Back,Назад,04 §1.7 · SC-23 (из карты — к сетке) · VS-4 V4
hud.toast.reconnected,Positions updated ({n} missed),Позиции обновлены (пропущено {n}),04 §1.9 · RU 04
hud.top.menu,Menu,Меню,04 §2.1 · RU сост.
hud.top.turn,Turn {n},Ход {n},04 §2.1 · RU 04
hud.conn.online,Connection OK,Связь в порядке,04 §2.1 · RU 04
hud.conn.syncing,Syncing…,Синхронизация…,04 §2.1 · RU 04
hud.conn.lost,No connection,Связи нет,04 §2.1 · RU 04
hud.top.log,Log,Журнал,"04 §2.1 · RU 04 (кнопка «Журнал», класс S)"
hud.panel.status.own,YOUR TURN,ВАШ ХОД,04 §2.2 · RU 04
hud.panel.status.wait,WAITING,ЖДЁТ,04 §2.2 · RU 04
hud.panel.hp,{hp}/{max},{hp}/{max},04 §2.2 · RU 04
hud.panel.sidekick,{name} {hp}/{max},{name} {hp}/{max},04 §2.2 · RU сост. (имя — из данных)
hud.panel.fallen,OUT,ВНЕ ИГРЫ,04 §2.2 · RU сост. (без рода: имя героя из данных)
hud.opp.hand,Hand {n},Рука {n},04 §2.3 · RU 04
hud.opp.deck,deck {n},колода {n},04 §2.3 · RU 04 («Рука {n} · колода {d} · сброс {s}»)
hud.opp.discard,discard {n},сброс {n},04 §2.3 · RU 04
hud.opp.stale,≈{n},≈{n},04 §2.3 · RU 04
hud.opp.thinking,AI is thinking,ИИ думает,04 §2.3 · RU 04
hud.banner.own_turn,YOUR TURN,ВАШ ХОД,04 §2.4 · RU 04
hud.key.maneuver,M,M,"04 §2.11, §2.14 · подпись клавиши"
hud.key.attack,A,A,"04 §2.11, §2.14 · подпись клавиши"
hud.key.scheme,G,G,"04 §2.11, §2.14 · подпись клавиши"
hud.key.end_turn,E,E,"04 §2.11, §2.14 · подпись клавиши"
hud.key.deck,K,K,"04 §2.9, §2.11 · подпись клавиши"
hud.key.deck_opp,Shift+K,Shift+K,04 §2.9 · подпись клавиши
hud.key.collapse,C,C,"04 §2.8, §2.11 · подпись клавиши"
hud.key.decline,X,X,"04 §2.8, §2.11 · подпись клавиши (VS-4 HB-35, ВР-VS4-09)"
hud.key.no_defense,N,N,"04 §2.7, §2.11 · подпись клавиши"
hud.key.confirm,Enter,Enter,04 §2.11 · подпись клавиши
hud.key.back,Esc,Esc,04 §2.11 · подпись клавиши
hud.key.resolve,R,R,03 §9 ms.status.resolve (ВР-H09) · подпись клавиши
hud.key.card_slot,1–9,1–9,04 §2.6 · подпись клавиши
hud.key.inspect,I,I,04 §1.7 · подпись клавиши
hud.key.view_board,V,V,04 §1.10 · подпись клавиши
hud.key.lobby,L,L,04 §1.10 · подпись клавиши
hud.hand.count,Hand {n}/{max},Рука {n}/{max},04 §2.6 · RU 04
hud.card.new,New,Новая,04 §2.6 · RU сост.
hud.card.boost,+{n},+{n},04 §2.6 · RU 04
hud.card.drop,Discard,Сбросить,04 §2.6 · RU сост.
hud.combat.role.attack,ATTACK · {fighter},АТАКА · {fighter},04 §2.7 · RU 04
hud.combat.role.defense,DEFENSE · {fighter},ЗАЩИТА · {fighter},04 §2.7 · RU 04
hud.combat.slot.empty,No card chosen,Карта не выбрана,04 §2.7 · RU 04
hud.combat.slot.chosen,Card chosen,Карта выбрана,04 §2.7 · RU сост.
hud.combat.wait.defense,Waiting for the defense…,Ждём защиту…,04 §2.7 · RU 04
hud.combat.defend,Defend,Защититься,04 §2.7 · RU 04
hud.combat.no.defense,No defense,Без защиты,04 §2.7 · RU 04
hud.combat.resolve,Resolve combat,Завершить бой,"04 §2.7 · VS-5 E4 (ВР-VS5-33): кнопка окна разрешения на своём краю боя, R / Enter"
hud.combat.nodefense,No defense,Нет защиты,"04 §3.8 · штамп X + текст (VS-4, VS-3 п. 13, ВР-VS4-16)"
hud.combat.timer,{n} s,{n} с,04 §2.7 · RU 04
hud.combat.score,{a} : {d},{a} : {d},04 §2.7 · RU 04
hud.combat.wins,{fighter} wins,{fighter} побеждает,04 §2.7 · RU 04
hud.combat.holds,The defense holds,Защита держит,04 §2.7 · RU 04
hud.combat.effects.more,{n} more,ещё {n},04 §2.7 · RU 04
hud.pending.queue,{k} more,ещё {k},04 §2.8 · RU 04
hud.pending.after.combat,Resolve after combat,Выполните после боя,04 §2.8 · RU 04
hud.pending.collapsed,{card}: choice waiting,{card}: выбор ждёт,04 §2.8 · RU 04
hud.pending.back,Back,Назад,"04 §2.8 · RU 04 (VS-4 HB-35, ВР-VS4-09)"
hud.pending.pick.count,Selected {k}/{n},Выбрано {k}/{n},"04 §2.8 · HB-34 ВР-HB12 (VS-4, ВР-VS4-09)"
hud.pending.discard.count,Discard {n}: {h}/{n} chosen,Сбросьте {n}: выбрано {h}/{n},"04 §2.8 · RU 04 (VS-4, ВР-VS4-09)"
hud.slot.scheme,SCHEME,СХЕМА,04 §2.8 · RU 04
hud.slot.boost,BOOST,BOOST,04 §2.8 · RU 04
hud.slot.discard,DISCARD,СБРОС,04 §2.8 · RU 04
hud.slot.owner,{slot} · {hero},{slot} · {hero},"04 §2.8 · HB-34 ВР-VS2-HB34-18: имя героя — данные (VS-4, ВР-VS4-09)"
hud.number.confirm,Confirm,Подтвердить,04 §2.8 · RU 04
hud.decks.deck,Deck {n},Колода {n},04 §2.9 · RU 04
hud.decks.discard,Discard {n},Сброс {n},04 §2.9 · RU 04
hud.decks.stale,≈{n},≈{n},04 §2.9 · RU 04
hud.deckpanel.title.own,Your deck · {hero},Ваша колода · {hero},04 §2.9 · RU 04
hud.deckpanel.title.opp,Opponent's deck · {hero},Колода соперника · {hero},04 §2.9 · RU сост.
hud.deckpanel.tab.own,Yours,Ваша,04 §2.9 · RU 04
hud.deckpanel.tab.opp,Opponent,Соперник,04 §2.9 · RU 04
hud.deckpanel.close,Close,Закрыть,04 §2.9 · RU 04
hud.deckpanel.summary,In deck {deck} · Discard {discard} · Hand {hand},В колоде {deck} · Сброс {discard} · Рука {hand},04 §2.9 · RU 04
hud.deckpanel.mark.hand,In hand {n},В руке {n},04 §2.9 · RU 04
hud.deckpanel.mark.discard,In discard {n},В сбросе {n},04 §2.9 · RU 04
hud.deckpanel.mark.left,Left {n},Осталось {n},04 §2.9 · RU 04
hud.deckpanel.filter.discard,Discard only,Только сброс,04 §2.9 · RU 04
hud.deckpanel.all,Whole deck,Весь состав,"04 §2.9 · SC-23 вход в сетку INSPECT («строка панели колоды «весь состав»», ВР-VS4-61) · VS-4 V4"
hud.log.title,Log,Журнал,04 §2.10 · RU сост.
hud.log.empty,No events yet,Событий пока нет,04 §2.10 · RU сост.
hud.log.turn,T{n},Х{n},"04 §2.10 · ВР-VS2-HB38-16 (макет HB-38: RU «Х{n}», EN «T{n}»), VS-4 HB-39"
hud.toast.rate,Too fast — wait a couple of seconds,Слишком часто — подождите пару секунд,04 §2.12 · RU 04
hud.sub.speaker,{name}:,{name}:,04 §2.13 · RU 04
hud.action.maneuver,MANEUVER,МАНЁВР,04 §2.14 · RU 04
hud.action.attack,ATTACK,АТАКА,04 §2.14 · RU 04
hud.action.scheme,SCHEME,СХЕМА,04 §2.14 · RU 04
hud.action.end_turn,END TURN,КОНЕЦ ХОДА,04 §2.14 · RU 04
hud.btn.sent,Sent…,Отправлено…,"04 §3.1 (V-10), HB-11 · RU 04"
hud.plate.role.hero_ranged,HERO · RANGED,ГЕРОЙ · ДАЛЬНИЙ,"04 §2.15 · HB-44 (ВР-VS2-HB44-03), HB-46"
hud.plate.role.hero_melee,HERO · MELEE,ГЕРОЙ · БЛИЖНИЙ,"04 §2.15 · HB-44, HB-46"
hud.plate.role.sidekick_ranged,SIDEKICK · RANGED,ПОМОЩНИК · ДАЛЬНИЙ,"04 §2.15 · HB-44, HB-46"
hud.plate.role.sidekick_melee,SIDEKICK · MELEE,ПОМОЩНИК · БЛИЖНИЙ,"04 §2.15 · HB-44, HB-46"
hud.plate.side.own,YOURS,ВАШ,"04 §2.15 · HB-44, HB-46"
hud.plate.side.opponent,OPPONENT,СОПЕРНИК,"04 §2.15 · HB-44, HB-46"
hud.plate.target,TARGET,ЦЕЛЬ,"04 §2.15 · HB-44, HB-46"
hud.plate.harpy_name,Harpy {number},Гарпия {number},"02 §6.5, 04 §6.2 · HB-44, HB-46"
hud.damage.minus,−{n},−{n},"04 §2.15 · FX-22 (ВР-21, ВР-37): урон над фигурой, знак U+2212"
hud.damage.plus,+{n},+{n},"04 §2.15 · FX-22 (ВР-67): лечение над фигурой"
