object,tris,material_slots,materials,uv_channels,max_vertex_influences,dimensions_m,negative_scale,unapplied_transform,status,notes
SK_ART001_ArmL,44,1,M_ART001_TeamColor,1,1,0.0930x0.0360x0.1918,False,False,PASS,
SK_ART001_ArmR,44,1,M_ART001_TeamColor,1,1,0.0930x0.0360x0.1918,False,False,PASS,
SK_ART001_Base,60,1,M_ART001_TeamColor,1,1,0.2400x0.2400x0.0200,False,False,PASS,
SK_ART001_Head,224,1,M_ART001_TeamColor,1,1,0.1000x0.1000x0.1000,False,False,PASS,
SK_ART001_LegL,44,1,M_ART001_TeamColor,1,1,0.0500x0.0500x0.1500,False,False,PASS,
SK_ART001_LegR,44,1,M_ART001_TeamColor,1,1,0.0500x0.0500x0.1500,False,False,PASS,
SK_ART001_Torso,60,1,M_ART001_TeamColor,1,1,0.1300x0.1300x0.2100,False,False,PASS,
SM_ART001_Arrow,36,1,M_ART001_Axis,1,0,0.3200x1.0000x0.1000,False,False,PASS,
SM_ART001_Cube,12,1,M_ART001_TeamColor,1,0,1.0000x1.0000x1.0000,False,False,PASS,
SM_ART001_Mannequin,520,1,M_ART001_TeamColor,1,0,0.2400x0.2400x0.5000,False,False,PASS,
SM_ART001_NormalProbe,12,1,M_ART001_NormalProbe,1,0,0.4000x0.4000x0.1000,False,False,PASS,
UCX_SM_ART001_Mannequin_00,44,0,,1,0,0.2600x0.2600x0.5000,False,False,PASS,
