Key,SourceString,DevNotes
"plate.team.own","YOURS","Combat plate team chip: the fighter belongs to the viewer (ART-004 art HUD, W4-C)."
"plate.team.enemy","ENEMY","Combat plate team chip: an opponent fighter."
"plate.hp","HP {Hp}/{Max}","Combat plate HP line. {Hp} current health, {Max} maximum health."
"plate.status.separator","  |  ","Separator between plate status chips (keep the surrounding spaces)."
"plate.status.hero","HERO","Plate status: the fighter is a hero."
"plate.status.sidekick","SIDEKICK","Plate status: the fighter is a sidekick."
"plate.status.melee","MELEE","Plate status: melee attack type."
"plate.status.ranged","RANGED","Plate status: ranged attack type."
"plate.status.attacker","ATTACKER","Plate status: attacker of the open combat."
"plate.status.target","TARGET","Plate status: target of the open combat."
"label.compact","{Name} {Hp}/{Max}","Compact world label of a plate neighbour. {Name} fighter label (server data)."
"label.hp","{Hp}/{Max}","World HP line under the fighter name (full label mode)."
"damage.number","-{Amount}","World damage number over the hit fighter. {Amount} damage dealt."
