event_type,cue,n,median_ms,min_ms,max_ms,our_duration_ms,delta_ms,confidence,examples_t,evidence,note
draw_card_single,CUE-005,4,333,283,400,350,-17,high,1078.9 (A1); 265.65 (A1); 3216.6 (A3); 8280.7 (A6),C:/tmp/de-footage/findings/A1/s18_draw_fly_1078.jpg; C:/tmp/de-footage/findings/A1/s01c_draw_fly.jpg; C:/tmp/de-footage/findings/A3/s16_maneuver_draw_3216.jpg; C:/tmp/de-footage/findings/A6/s21_hand_draw_8280.jpg,"значения: A1 333, A1 283, A3 400, A6 333. Карта въезжает справа в край руки, рука раздвигается одновременно; кольца выбора бойцов появляются, не дожидаясь конца добора (A3 3216.77)."
start_hand_cascade_step,CUE-005,3,175,150,250,,,medium,1483.7 (A2); 3137.03 (A3); 5608.3 (A4),C:/tmp/de-footage/findings/A2/s02_create_game_load.jpg; C:/tmp/de-footage/findings/A3/s15_deal_hand_3137.jpg; C:/tmp/de-footage/findings/A4/s18_game2_start_deal.jpg,"значения: A2 175, A3 150, A4 250. Шаг каскада стартовой руки (середины диапазонов: A2 150-200, A3 130-170, A4 ~250). Вся рука: 5 карт 800 мс (A2), 7 карт 1070 мс (A3), 5 карт ~1300 мс (A4); полёт одной карты 200-300 мс (A3). CUE-005 задаёт 350 мс на карту и каскад без очереди, шаг каскада не задан."
move_step_own,CUE-007,8,368,185,440,280,88,medium,1042.6 (A1); 1636.27 (A2); 4443.7 (A3); 5724.17 (A4); 7141.13 (A5); 6262.77 (A5); 8577.33 (A6); 12033.5 (A7),C:/tmp/de-footage/findings/A1/s02b_move_jab_crop.jpg; C:/tmp/de-footage/findings/A2/s23_porter_slide.jpg; C:/tmp/de-footage/findings/A3/s09_move_hoax_4444.jpg; C:/tmp/de-footage/findings/A4/s10_LR_step_30fps.jpg; C:/tmp/de-footage/findings/A5/s13_LR_move_crop_7141.jpg; C:/tmp/de-footage/findings/A5/s04_huntsman_path_6262.jpg; C:/tmp/de-footage/findings/A6/s11_robin_move_zoom_8577.jpg; C:/tmp/de-footage/findings/A7/strip_g3_hyde_path_12033.jpg,"значения: A1 185, A2 377, A3 395 (перемер ревьюера; было 454), A4 315, A5 190, A5 440, A6 410, A7 360. мс на клетку, свой боец. A1 Jabberwock (клеток ~4, оценка), A2 Porter (жетон), A3 Bigfoot (шаговая анимация), A4 Little Red (бег), A5 Little Red после буста, A5 Huntsman (жетон), A6 Robin (3 или 4 клетки), A7 Hyde. Подскока нет ни в одном замере. ПРОТИВОРЕЧИЕ: A1 считает наши 280 мс медленнее DE, A3 - быстрее; A2 и A4 - что 280 подтверждаются. Ревью: A3 делил 2270 мс от клика на 5 клеток; на ленте Bigfoot ~0,4 с разворачивается на месте (4443.73-4444.07), идёт 4444.10-4446.07 = ~1,97 с, т. е. ~395 мс на клетку движения (лента findings/review/r02c_bigfoot_start.jpg, r02d_bigfoot_end.jpg). Медиана не изменилась (368), максимум 454 -> 440."
move_step_opponent,CUE-007,4,325,290,450,280,45,medium,1612.0 (A2); 1098.2 (A1); 8538.5 (A6); 4180.5 (A3),C:/tmp/de-footage/findings/A2/s05_ai_jabberwock_step.jpg; C:/tmp/de-footage/findings/A1/s12_ai_harpy_move_1098.jpg; C:/tmp/de-footage/findings/A6/s09_opp_move_8535.jpg; C:/tmp/de-footage/findings/A3/s10_opp_move_4178.jpg,"значения: A2 350 (перемер ревьюера; было 267), A1 290, A6 300, A3 450 (перемер ревьюера; было 500). мс на клетку, боец ИИ или живого соперника. A1 - середина 250-330 мс на гарпию (по 1 клетке); A3 - Dracula, 1 клетка шагом. Камера не следит (A2, A3, A6). Ревью: в 1612 Jabberwock прошёл 2 клетки, а не 3 (кадры 1611.95 и 1612.9), движение 1612.10-1612.80 = ~700 мс, ~350 мс на клетку (findings/review/r03_ai_jab_1612.jpg). В 4180 Dracula прошёл 2 клетки, а не 1: стоял у Bigfoot (4179.4), остановился ~4181.33; начало закрыто превью карты ведущего до 4180.43, поэтому ~0,9 с на 2 клетки, ~450 мс на клетку, точность ±70 мс (findings/review/r13c_dracula_wide.jpg). Медиана 295 -> 325, Δ +15 -> +45."
move_click_to_start,MS-R-22 / CUE-007,6,350,33,580,,,medium,1636.23 (A2); 8577.2 (A6); 12033.2 (A7); 5723.77 (A4); 6262.33 (A5); 7140.55 (A5),C:/tmp/de-footage/findings/A2/s23_porter_slide.jpg; C:/tmp/de-footage/findings/A6/f_move_8577_8579.jpg; C:/tmp/de-footage/findings/A7/strip_g3_hyde_path_12033.jpg; C:/tmp/de-footage/findings/A4/s10_LR_step_30fps.jpg; C:/tmp/de-footage/findings/A5/s04_huntsman_path_6262.jpg; C:/tmp/de-footage/findings/A5/s12_LR_boostmove_7140.jpg,"значения: A2 33, A6 130, A7 300, A4 400, A5 430, A5 580. От клика по клетке до начала движения. Кольца клеток гаснут в кадр клика (A2, A3, A5, A7). A7 - ~300 мс разворот фигурки; A4 - ~100 мс гашение колец + 270 мс пауза. У нас движение стартует по применённому снапшоту (MS-R-22), числа нет."
move_fighter_total_long,MS-D-14 (потолок бойца),3,1800,1400,2270,1400,400,medium,4443.7 (A3); 8577.33 (A6); 12033.2 (A7),C:/tmp/de-footage/findings/A3/s09_move_hoax_4444.jpg; C:/tmp/de-footage/findings/A6/s11_robin_move_zoom_8577.jpg; C:/tmp/de-footage/findings/A7/strip_g3_hyde_path_12033.jpg,"значения: A3 2270, A6 1400, A7 1800. Полное перемещение одного бойца на дальний путь: A3 5 клеток, A6 3-4 клетки, A7 4 клетки (с разворотом ~300 мс). Наш потолок анимации бойца 1400 мс (03 §5)."
ai_fighters_gap,MS-D-14 (перекрытие 30 %),1,80,80,80,,,medium,1098.2 (A1),C:/tmp/de-footage/findings/A1/s12_ai_harpy_move_1098.jpg,значения: A1 80. Пауза между бойцами ИИ (диапазон 70-100 мс): гарпии ходят строго по очереди. У игрока второй боец ждёт клика (A5 6180). У нас перекрытие бойцов 30 %.
turn_start_portrait_ring,CUE-015 (кромка) / ICON-MOTION (нет),12,885,400,1170,,,high,1142.867 (A1); 1321.6 (A1); 1615.83 (A2); 2105.8 (A2); 2755.0 (A2); 2109.8 (A2); 4200.5 (A3); 4172.45 (A3); 4572.13 (A3); 5848.2 (A4); 6956.9 (A5); 8546.8 (A6),C:/tmp/de-footage/findings/A1/s14_ability_icon_1143.jpg; C:/tmp/de-footage/findings/A1/s08_your_turn_1321.jpg; C:/tmp/de-footage/findings/A2/s06_turn_handoff_portrait.jpg; C:/tmp/de-footage/findings/A2/s24_ai_quiet_turn.jpg; C:/tmp/de-footage/findings/A2/s26_ai_scheme.jpg; C:/tmp/de-footage/findings/A3/s01_yourturn_4200.jpg; C:/tmp/de-footage/findings/A3/s11_opp_turnstart_bloodthirsty_4170.jpg; C:/tmp/de-footage/findings/A3/s13_opp_scheme_heal_4569.jpg; C:/tmp/de-footage/findings/A4/s15_your_turn_banner.jpg; C:/tmp/de-footage/findings/A5/s14_yourturn_6956.jpg; C:/tmp/de-footage/findings/A6/s07_yourturn_8546.jpg,"значения: A1 933, A1 900, A2 1170, A2 600, A2 400, A2 800, A3 730, A3 850, A3 870, A4 1100, A5 900, A6 930. Кольцо прорисовывается по кругу вокруг портрета активного игрока: жёлтое -> оранжевое -> красное, гаснет (A2: + искры и осколки). Значения A2 400 и 600 - с лент 5 fps (точность ниже). У соперника - единственный сигнал смены хода, баннера нет. В CUE-015 у кромки длительности нет, в ICON-MOTION такой анимации нет."
your_turn_banner,CUE-015,8,2030,833,2200,600,1430,high,1322.53 (A1); 1525.2 (A2); 4201.63 (A3); 5849.37 (A4); 6957.93 (A5); 8547.8 (A6); 8703.2 (A6); 11642.467 (A7),C:/tmp/de-footage/findings/A1/s08_your_turn_1321.jpg; C:/tmp/de-footage/findings/A2/s03_your_turn_banner.jpg; C:/tmp/de-footage/findings/A3/s01_yourturn_4200.jpg; C:/tmp/de-footage/findings/A4/s15_your_turn_banner.jpg; C:/tmp/de-footage/findings/A5/s14_yourturn_6956.jpg; C:/tmp/de-footage/findings/A6/s07_yourturn_8546.jpg; C:/tmp/de-footage/findings/A6/s08_yourturn_8702.jpg; C:/tmp/de-footage/findings/A7/strip_g3_yourturn_serum_11642.jpg,"значения: A1 1900, A2 2030, A3 2070, A4 2030, A5 2200, A6 1933, A6 2067, A7 833. Чернильная клякса + портрет героя + YOUR TURN, только на свой ход. Ввод не блокирует: превью карт и тултипы работают поверх (A2 2425, A3 4203.1, A4 5851.0, A6 8703.93). A7 833 - баннер оборван обязательным модалом THE SERUM, это выброс."
turn_change_total,CUE-015,4,3200,3000,3230,600,2600,high,1321.6 (A1); 4200.5 (A3); 5848.2 (A4); 6956.9 (A5),C:/tmp/de-footage/findings/A1/s08_your_turn_1321.jpg; C:/tmp/de-footage/findings/A3/s01_yourturn_4200.jpg; C:/tmp/de-footage/findings/A4/s15_your_turn_banner.jpg; C:/tmp/de-footage/findings/A5/s14_yourturn_6956.jpg,"значения: A1 3000, A3 3200, A4 3200, A5 3230. Кольцо у портрета + баннер YOUR TURN вместе."
combat_intro_incoming,CUE-008,5,1470,1200,1530,600,870,high,1154.53 (A1); 4653.4 (A4); 6853.83 (A5); 8673.4 (A6); 11587.6 (A7),C:/tmp/de-footage/findings/A1/s17_combat_intro_ai_1153.jpg; C:/tmp/de-footage/findings/A4/s20_opp_sister_move_then_attack.jpg; C:/tmp/de-footage/findings/A5/s09_combat_intro_6853.jpg; C:/tmp/de-footage/findings/A6/s12_opp_attack_zoom_8673.jpg; C:/tmp/de-footage/findings/A7/strip_g3_combat_intro_11586.jpg,"значения: A1 1470, A4 1530, A5 1200, A6 1400, A7 1470. Атака соперника глазами защитника: клякса COMBAT! + авто-наезд камеры + рубашки в слотах + ярлыки ATTACKER/DEFENDER. Только надпись COMBAT!: 700 мс (A2 1575.4), ~600 мс (A3 4376.7), ~1130 мс (A6 8673.47)."
defense_prompt_delay,CUE-009,3,2000,1930,2070,,,medium,11587.6 (A7); 5116.43 (A4); 6853.83 (A5),C:/tmp/de-footage/findings/A7/strip_g3_combat_intro_11586.jpg; C:/tmp/de-footage/findings/A4/s04_combat_banner_incoming.jpg; C:/tmp/de-footage/findings/A5/s09_combat_intro_6853.jpg,"значения: A7 1930, A4 2070, A5 2000. От начала анонса COMBAT! до строки 'Play a card to defend?'. A5 - оценка 'примерно через 2 с'. Превью карт по наведению работает раньше строки."
own_attack_click_to_scene,CUE-003 + CUE-008,2,2000,1600,2400,850,1150,high,4339.33 (A3); 4593.5 (A4),C:/tmp/de-footage/findings/A3/s02_combat_zoom_4339.jpg; C:/tmp/de-footage/findings/A4/s01_attack_declare_zoomin.jpg,"значения: A3 1600, A4 2400. От клика по цели до готовой сцены боя. A3: пауза 0,6 с + наезд 650 мс + карты; A4: дуга гаснет ~700 мс, 0,9 с без изменений (ожидание сервера?), наезд 670 мс. Наше значение - сумма CUE-003 250 + CUE-008 600 (оценка редактора)."
combat_camera_zoom_in,D-10 (у нас камера не двигается),8,660,300,870,,,medium,1241.1 (A1); 1549.0 (A2); 4340.0 (A3); 4595.23 (A4); 6854.7 (A5); 8674.3 (A6); 8713.93 (A6); 11588.0 (A7),C:/tmp/de-footage/findings/A1/s15_attack_cut_1241.jpg; C:/tmp/de-footage/findings/A2/s07_combat_open_ai_def.jpg; C:/tmp/de-footage/findings/A3/s02_combat_zoom_4339.jpg; C:/tmp/de-footage/findings/A4/s01_attack_declare_zoomin.jpg; C:/tmp/de-footage/findings/A5/s09_combat_intro_6853.jpg; C:/tmp/de-footage/findings/A6/s12_opp_attack_zoom_8673.jpg; C:/tmp/de-footage/findings/A6/s14_choose_defender_8711.jpg; C:/tmp/de-footage/findings/A7/strip_g3_combat_intro_11586.jpg,"значения: A1 800, A2 800, A3 650, A4 670, A5 300, A6 500, A6 870, A7 600. Авто-наезд камеры на пару бойцов в каждом бою, свой и чужой. A1: после наезда срез в боевую камеру 66 мс и плашки через 170 мс. В DE есть настройка DISABLE COMBAT CAMERA (A1 968, не проверялась)."
ai_defense_think,CUE-009,2,3550,3400,3700,,,high,1242.0 (A1); 1549.3 (A2),C:/tmp/de-footage/findings/A1/s05_defense_wait_1243.jpg; C:/tmp/de-footage/findings/A2/s07_combat_open_ai_def.jpg,"значения: A1 3400, A2 3700. ИИ выбирает защиту: серая карта со щитом, индикатора 'думает' нет. Похожие паузы 3-4 с по листам (A2 1644, 1756). Наш таймаут защиты 30 000 мс (CUE-009, DEFAULT_DEFENSE_TIMEOUT) - другая величина."
human_defense_think,CUE-009,3,5700,4100,7100,,,medium,4341.0 (A3); 8714.8 (A6); 5734.0 (A4),C:/tmp/de-footage/findings/A3/s03_defslot_X_4342.jpg; C:/tmp/de-footage/findings/A6/s15_nodefense_resolve_8717.jpg; C:/tmp/de-footage/findings/A4/s19_no_defense_X_hit.jpg,"значения: A3 5700, A6 4100, A4 7100. Решение живого соперника о защите (во всех трёх - отказ). Строка 'X is defending/choosing.', таймера в окне защиты не видно. Своё решение: ~3 с (A3 4377), 2,6 с (A7 11589.5), ~24 с (A4 4976), 26 с ожидания соперника (A5 6408, по листам)."
no_defense_x_stamp,CUE-009,5,200,70,500,,,high,1245.4 (A1); 4346.7 (A3); 4114.8 (A3); 5741.13 (A4); 8718.9 (A6),C:/tmp/de-footage/findings/A1/s05_defense_wait_1243.jpg; C:/tmp/de-footage/findings/A3/s03_defslot_X_4342.jpg; C:/tmp/de-footage/findings/A3/s17_no_defense_death_4112.jpg; C:/tmp/de-footage/findings/A4/s19_no_defense_X_hit.jpg; C:/tmp/de-footage/findings/A6/s15_nodefense_resolve_8717.jpg,"значения: A1 500, A3 400, A3 200, A4 70, A6 200. Красный крест мазками поверх щита-заглушки (нет защиты). Тот же знак - на карте с отменёнными эффектами (A7 11595.17)."
defense_card_to_slot,CUE-009 / CUE-006,3,500,200,900,500,0,medium,4380.5 (A3); 6858.47 (A5); 8682.8 (A6),C:/tmp/de-footage/findings/A3/s07_me_defend_4377.jpg; C:/tmp/de-footage/findings/A5/s10_defense_reveal_6858.jpg; C:/tmp/de-footage/findings/A6/s13_defend_reveal_8682.jpg,"значения: A3 900, A5 200, A6 500. Своя карта защиты летит из руки в левый слот. A3: после полёта слот ещё ~0,8 с показан щитом, потом карта лицом."
card_flip_reveal,CUE-010,9,130,70,270,800,-670,high,1175.0 (A1); 4382.78 (A3); 4601.27 (A4); 5998.2 (A4); 6051.1 (A4); 6859.2 (A5); 8684.3 (A6); 8684.9 (A6); 11592.37 (A7),C:/tmp/de-footage/findings/A1/s16_defense_reveal_1174.jpg; C:/tmp/de-footage/findings/A3/s08_reveal_cancel_4382.jpg; C:/tmp/de-footage/findings/A4/s02_reveal_tie.jpg; C:/tmp/de-footage/findings/A4/s12_feint_reveal_cancel.jpg; C:/tmp/de-footage/findings/A4/s14_defend_reveal_boost.jpg; C:/tmp/de-footage/findings/A5/s10_defense_reveal_6858.jpg; C:/tmp/de-footage/findings/A6/s13_defend_reveal_8682.jpg; C:/tmp/de-footage/findings/A7/strip_g3_combat_resolve_11590.jpg,"значения: A1 100, A3 90, A4 130, A4 200, A4 130, A5 70, A6 200, A6 200, A7 270. Переворот карты на месте в своём слоте (карты не встречаются в центре - A7). A6: защита, затем атака, по очереди; A4 6051: обе разом. Наши 800 мс - весь CUE-010 (встреча над центром + переворот + слэм значений), сравнение условное."
reveal_to_score,CUE-010,11,2930,1700,4600,800,2130,high,1175.1 (A1); 4382.87 (A3); 4115.0 (A3); 4601.4 (A4); 5998.4 (A4); 5741.2 (A4); 6859.27 (A5); 7477.8 (A5); 8685.1 (A6); 8718.9 (A6); 11592.63 (A7),C:/tmp/de-footage/findings/A1/s16_defense_reveal_1174.jpg; C:/tmp/de-footage/findings/A3/s08_reveal_cancel_4382.jpg; C:/tmp/de-footage/findings/A3/s17_no_defense_death_4112.jpg; C:/tmp/de-footage/findings/A4/s02_reveal_tie.jpg; C:/tmp/de-footage/findings/A4/s12_feint_reveal_cancel.jpg; C:/tmp/de-footage/findings/A4/s19_no_defense_X_hit.jpg; C:/tmp/de-footage/findings/A5/s10_defense_reveal_6858.jpg; C:/tmp/de-footage/findings/A5/s08_resolve_7477.jpg; C:/tmp/de-footage/findings/A6/s13_defend_reveal_8682.jpg; C:/tmp/de-footage/findings/A6/s15_nodefense_resolve_8717.jpg; C:/tmp/de-footage/findings/A7/strip_g3_combat_resolve_11590.jpg,"значения: A1 2870, A3 4500, A3 2900, A4 2800, A4 4600, A4 3000, A5 2930, A5 1700, A6 2800, A6 3100, A7 4140. Пауза от переворота (или креста 'нет защиты') до слэма 'N vs M'. Верх (4140-4600) - с эффектами IMMEDIATELY/DURING COMBAT (отмена Feint), низ 1700 - после креста-штампа отмены (A5). A1: пауза похожа на фиксированную (у карт были только эффекты after combat); A4: природа паузы 2,8 с неясна (сеть или порядок эффектов)."
effect_line_highlight,CUE-010,5,400,400,500,,,medium,1253.4 (A1); 1558.5 (A2); 11593.17 (A7); 5999.07 (A4); 4350.0 (A3),C:/tmp/de-footage/findings/A1/s07_after_hit_camback_1251.jpg; C:/tmp/de-footage/findings/A2/s08_reveal_resolve.jpg; C:/tmp/de-footage/findings/A7/strip_g3_combat_resolve_11590.jpg; C:/tmp/de-footage/findings/A4/s12_feint_reveal_cancel.jpg; C:/tmp/de-footage/findings/A3/s04_resolve_4348.jpg,"значения: A1 500, A2 500, A7 400, A4 400, A3 400. Сработавшая строка текста карты подсвечивается белой полосой (или карта вспыхивает белым, A3) перед следующим шагом резолва."
score_slam,CUE-010,6,180,70,200,,,high,1178.0 (A1); 4387.37 (A3); 4604.2 (A4); 8270.533 (A6); 8687.9 (A6); 12069.6 (A7),C:/tmp/de-footage/findings/A1/s16_defense_reveal_1174.jpg; C:/tmp/de-footage/findings/A3/s08_reveal_cancel_4382.jpg; C:/tmp/de-footage/findings/A4/s02_reveal_tie.jpg; C:/tmp/de-footage/findings/A6/s01_outlaw_death_8268.jpg; C:/tmp/de-footage/findings/A6/s13_defend_reveal_8682.jpg; C:/tmp/de-footage/findings/A7/strip_g3_final_combat_end.jpg,"значения: A1 130, A3 160, A4 200, A6 70, A6 200, A7 200. Крупный текст 'N vs M' сжимается в красную ленту-кисть сверху по центру."
score_to_hit,CUE-010 -> CUE-011,13,1600,1300,2170,,,high,1248.53 (A1); 1652.33 (A2); 4351.625 (A3); 4117.9 (A3); 7479.5 (A5); 6537.5 (A5); 8270.533 (A6); 8687.9 (A6); 8722.0 (A6); 9220.8 (A6); 9822.133 (A6); 11596.77 (A7); 12069.6 (A7),C:/tmp/de-footage/findings/A1/s04_reveal_damage_1246.jpg; C:/tmp/de-footage/findings/A2/s09_damage_hp.jpg; C:/tmp/de-footage/findings/A3/s04_resolve_4348.jpg; C:/tmp/de-footage/findings/A3/s17_no_defense_death_4112.jpg; C:/tmp/de-footage/findings/A5/s08_resolve_7477.jpg; C:/tmp/de-footage/findings/A5/s06_huntsman_death_6537.jpg; C:/tmp/de-footage/findings/A6/s01_outlaw_death_8268.jpg; C:/tmp/de-footage/findings/A6/s13_defend_reveal_8682.jpg; C:/tmp/de-footage/findings/A6/s15_nodefense_resolve_8717.jpg; C:/tmp/de-footage/findings/A6/s04_robin_death_9220.jpg; C:/tmp/de-footage/findings/A6/s17_watson_death_9822.jpg; C:/tmp/de-footage/findings/A7/strip_g3_damage_hp_11598.jpg; C:/tmp/de-footage/findings/A7/strip_g3_final_combat_end.jpg,"значения: A1 1470, A2 1670, A3 1625, A3 1300, A5 1700, A5 1300, A6 2130, A6 2170, A6 1300, A6 2070, A6 1600, A7 1360, A7 1600. От слэма 'N vs M' до кадра удара (контакта). A6 даёт пять замеров 2.20/2.17/2.07/1.64/1.30 с."
lunge_windup_to_contact,CUE-008 (LungeAttack),4,425,300,500,600,-175,medium,1249.5 (A1); 1653.6 (A2); 4352.93 (A3); 8689.6 (A6),C:/tmp/de-footage/findings/A1/s06_hit_damage_1250.jpg; C:/tmp/de-footage/findings/A2/s09_damage_hp.jpg; C:/tmp/de-footage/findings/A3/s05_hit_sister_4353.jpg; C:/tmp/de-footage/findings/A6/s20_arthur_lunge_8689.jpg,"значения: A1 500, A2 400, A3 300, A6 450. Замах/выпад атакующего до контакта, без ухода с клетки (A3, A6). В DE выпад идёт в резолве, у нас LungeAttack - в CUE-008 при объявлении. Блокаут Medusa LungeAttack в UE - 583 мс (бриф 18, табл. 1; не норма)."
hit_to_hp_number,CUE-011,5,167,130,200,,,high,1654.0 (A2); 5146.5 (A4); 8690.067 (A6); 11598.133 (A7); 4175.83 (A3),C:/tmp/de-footage/findings/A2/s09_damage_hp.jpg; C:/tmp/de-footage/findings/A4/s06_hit_heart_crop.jpg; C:/tmp/de-footage/findings/A6/s19_robin_hit_8689.jpg; C:/tmp/de-footage/findings/A7/strip_g3_damage_hp_11598.jpg; C:/tmp/de-footage/findings/A3/s12_bloodthirsty_dmg_4173.jpg,"значения: A2 200, A4 130, A6 133, A7 167, A3 170. Число в сердце над фигуркой меняется мгновенно (без отсчёта) после кадра удара. У нас 02 §4.3: изменение HP плавно до 400 мс - другая модель."
hit_red_tint,CUE-011 (HitReact),3,430,400,470,375,55,high,5146.5 (A4); 8690.067 (A6); 11598.167 (A7),C:/tmp/de-footage/findings/A4/s06_hit_heart_crop.jpg; C:/tmp/de-footage/findings/A6/s19_robin_hit_8689.jpg; C:/tmp/de-footage/findings/A7/strip_g3_damage_hp_11598.jpg,"значения: A4 470, A6 430, A7 400. Красная заливка модели цели + вздрагивание (A6, A7). A1 и A2: реакция цели слабая или плохо видна сверху. Наше число - блокаут HitReact Medusa в UE 375 мс (бриф 18, табл. 1; не норма); CUE-011 целиком 900 мс."
damage_popup_minus_n,CUE-011,6,850,430,1070,900,-50,low,1250.27 (A1); 1654.8 (A2); 1843.83 (A2); 2291.57 (A2); 6004.8 (A4); 9222.87 (A6),C:/tmp/de-footage/findings/A1/s06_hit_damage_1250.jpg; C:/tmp/de-footage/findings/A2/s09_damage_hp.jpg; C:/tmp/de-footage/findings/A2/s13_death_zoom.jpg; C:/tmp/de-footage/findings/A2/s14_alice_death_a.jpg; C:/tmp/de-footage/findings/A4/s13_minus2_sister_death.jpg; C:/tmp/de-footage/findings/A6/s05_robin_death_crop_9223.jpg,"значения: A1 1000, A2 700, A2 470, A2 430, A4 1070, A6 1030. Всплывающая '-N' у сердца. ПРОТИВОРЕЧИЕ: A3 (4176, урон способностью) и A7 (11598, урон в бою) пишут, что '-N' нет; A4 - что в бою её нет, только вне боя (5146 против 5906/6004). Из ~10 разобранных ударов '-N' видна в 6."
hp_heart_glow,ICON-MOTION resource-hp-full.damage,5,1030,830,1170,200,830,medium,4353.27 (A3); 4175.83 (A3); 5146.5 (A4); 11598.13 (A7); 8690.067 (A6),C:/tmp/de-footage/findings/A3/s05_hit_sister_4353.jpg; C:/tmp/de-footage/findings/A3/s12_bloodthirsty_dmg_4173.jpg; C:/tmp/de-footage/findings/A4/s06_hit_heart_crop.jpg; C:/tmp/de-footage/findings/A7/strip_g3_damage_hp_11598.jpg; C:/tmp/de-footage/findings/A6/s19_robin_hit_8689.jpg,"значения: A3 1030, A3 1170, A4 1000, A7 1070, A6 830. Вспышка, брызги и пульс сердца HP над фигуркой после удара. У нас анимация значка damage - 200 мс (ICON-MOTION)."
winner_banner_slam,CUE-010,5,200,200,200,,,high,1250.4 (A1); 4354.633 (A3); 4605.6 (A4); 11598.57 (A7); 8274.067 (A6),C:/tmp/de-footage/findings/A1/s06_hit_damage_1250.jpg; C:/tmp/de-footage/findings/A3/s05_hit_sister_4353.jpg; C:/tmp/de-footage/findings/A4/s02_reveal_tie.jpg; C:/tmp/de-footage/findings/A7/strip_g3_damage_hp_11598.jpg; C:/tmp/de-footage/findings/A6/s02_outlaw_death_crop_8272.jpg,"значения: A1 200, A3 200, A4 200, A7 200, A6 200. 'ИМЯ WINS!' влетает огромными буквами и сжимается в ту же красную ленту; у карты победителя лучи/искры ~270-500 мс. Показывается и без урона (ничья - в пользу защиты, A4 4604, A7 11994)."
winner_banner_hold,CUE-010,5,2540,2000,2600,,,high,1250.6 (A1); 4354.833 (A3); 5146.93 (A4); 11598.57 (A7); 1564.2 (A2),C:/tmp/de-footage/findings/A1/s06_hit_damage_1250.jpg; C:/tmp/de-footage/findings/A3/s04_resolve_4348.jpg; C:/tmp/de-footage/findings/A4/s05_damage_12to10_zoomout.jpg; C:/tmp/de-footage/findings/A7/strip_g3_combat_resolve_11590.jpg; C:/tmp/de-footage/findings/A2/s08_reveal_resolve.jpg,"значения: A1 2400, A3 2570, A4 2540, A7 2600, A2 2000. Удержание ленты победителя до ухода карт и отъезда камеры. A2 - оценка '~2 с'."
combat_camera_return,D-10 (у нас камера не двигается),10,1350,430,1530,,,high,1253.9 (A1); 4357.5 (A3); 4391.27 (A3); 5150.8 (A4); 4610.2 (A4); 7484.3 (A5); 6544.0 (A5); 8726.67 (A6); 8694.2 (A6); 11601.43 (A7),C:/tmp/de-footage/findings/A1/s07_after_hit_camback_1251.jpg; C:/tmp/de-footage/findings/A3/s04_resolve_4348.jpg; C:/tmp/de-footage/findings/A3/s08_reveal_cancel_4382.jpg; C:/tmp/de-footage/findings/A4/s05_damage_12to10_zoomout.jpg; C:/tmp/de-footage/findings/A4/s03_zoomout.jpg; C:/tmp/de-footage/findings/A5/s08_resolve_7477.jpg; C:/tmp/de-footage/findings/A5/s06_huntsman_death_6537.jpg; C:/tmp/de-footage/findings/A6/s15_nodefense_resolve_8717.jpg; C:/tmp/de-footage/findings/A6/s13_defend_reveal_8682.jpg; C:/tmp/de-footage/findings/A7/strip_g3_combat_resolve_11590.jpg,"значения: A1 1400, A3 1250, A3 1530, A4 900, A4 1200, A5 1400, A5 1400, A6 430, A6 1300, A7 1470. Карты улетают, камера сама отъезжает к общему виду."
combat_full_staging,CUE-008..CUE-011,3,12700,9900,13700,2300,10400,high,1241.1 (A1); 4339.33 (A3); 11587.6 (A7),C:/tmp/de-footage/findings/A1/s03_attack_to_combatcam_1241.jpg; C:/tmp/de-footage/findings/A3/s02_combat_zoom_4339.jpg; C:/tmp/de-footage/findings/A3/s04_resolve_4348.jpg; C:/tmp/de-footage/findings/A7/strip_g3_combat_intro_11586.jpg; C:/tmp/de-footage/findings/A7/strip_g3_combat_resolve_11590.jpg,"значения: A1 9900, A3 13700, A7 12700. Постановка боя без времени решения защиты: A1 13 300 - 3 400 (ИИ думает); A3 19 400 - 5 700; A7 15 300 - 2 600. A2: бой без эффектов 6-8 с (оценка), с эффектами больше 10 с; A4: 10-20 с, с ожиданием защиты до минуты. Наше: CUE-008 600 + CUE-010 800 + CUE-011 900 = 2300 (+ CUE-013 950 при смерти)."
death_token_sidekick,CUE-013,4,850,770,1170,950,-100,high,1844.03 (A2); 6538.97 (A5); 8272.833 (A6); 9823.833 (A6),C:/tmp/de-footage/findings/A2/s13_death_zoom.jpg; C:/tmp/de-footage/findings/A5/s07_huntsman_death_crop.jpg; C:/tmp/de-footage/findings/A6/s02_outlaw_death_crop_8272.jpg; C:/tmp/de-footage/findings/A6/s18_watson_token_death_9823.jpg,"значения: A2 830, A5 1170, A6 870, A6 770. Жетон/подставка подлетает и переворачивается рубашкой вверх, на сердце крест (A5: + красный диск ~700 мс). ПРОТИВОРЕЧИЕ: Sister и Jackalope исчезают за 1 кадр без анимации (A3 4354.333 и 4119.8, A4 6005.93)."
death_hero_dissolve,CUE-013,7,550,400,870,950,-400,high,1366.27 (A1); 2292.4 (A2); 5415.97 (A4); 7555.4 (A5); 9224.93 (A6); 10837.13 (A7); 12072.0 (A7),C:/tmp/de-footage/findings/A1/s20_medusa_death_1363.jpg; C:/tmp/de-footage/findings/A2/s15_alice_dissolve.jpg; C:/tmp/de-footage/findings/A4/s08_exhaustion_death_crop.jpg; C:/tmp/de-footage/findings/A5/s19_dracula_death_crop.jpg; C:/tmp/de-footage/findings/A6/s05_robin_death_crop_9224.jpg; C:/tmp/de-footage/findings/A7/strip_g2_sinbad_death.jpg; C:/tmp/de-footage/findings/A7/strip_g3_final_combat_end.jpg,"значения: A1 650, A2 550, A4 530, A5 500, A6 870, A7 800, A7 400. Само растворение героя: зелёное (Medusa, Robin, Hyde), голубые частицы (Alice), огонь (Bigfoot), красный вихрь (Dracula), оранжевое облако после оседания ~670 мс (Sinbad). A7: цвет облака = цвет героя/игрока. A7 12072 - лента 5 fps."
death_hero_hit_to_gone,CUE-011 + CUE-013,7,2600,1400,3370,1850,750,high,1364.13 (A1); 2291.43 (A2); 5413.5 (A4); 7553.6 (A5); 9222.87 (A6); 10835.33 (A7); 12071.2 (A7),C:/tmp/de-footage/findings/A1/s20_medusa_death_1363.jpg; C:/tmp/de-footage/findings/A2/s15_alice_dissolve.jpg; C:/tmp/de-footage/findings/A4/s08_exhaustion_death_crop.jpg; C:/tmp/de-footage/findings/A5/s19_dracula_death_crop.jpg; C:/tmp/de-footage/findings/A6/s05_robin_death_crop_9224.jpg; C:/tmp/de-footage/findings/A7/strip_g2_sinbad_death.jpg; C:/tmp/de-footage/findings/A7/strip_g3_final_combat_end.jpg,"значения: A1 3370, A2 1520, A4 3200, A5 2400, A6 2930, A7 2600, A7 1400. От удара до исчезновения фигурки. Между ударом и растворением пауза: ~1,3 с (A1), ~1,9 с (A4), ~1,0 с (A6). Баннер победителя боя - после исчезновения (A1, A6, A7 Hyde). Наше = CUE-011 900 + CUE-013 950 (сумма - оценка редактора)."
death_to_results_screen,CUE-016,7,8600,3950,12530,3350,5250,high,1364.13 (A1); 2291.43 (A2); 5413.5 (A4); 7553.6 (A5); 9222.87 (A6); 10835.33 (A7); 12071.2 (A7),C:/tmp/de-footage/findings/A1/s20_medusa_death_1363.jpg; C:/tmp/de-footage/findings/A2/s16_victory_screen.jpg; C:/tmp/de-footage/findings/A4/s07_exhaustion_death_gameover.jpg; C:/tmp/de-footage/findings/A5/s18_dracula_death_end_7548.jpg; C:/tmp/de-footage/findings/A6/s06_gameover_9226.jpg; C:/tmp/de-footage/findings/A7/strip_g2_end_cut.jpg; C:/tmp/de-footage/findings/A7/strip_g3_final_combat_end.jpg,"значения: A1 8940, A2 9870, A4 4500, A5 3950, A6 12530, A7 4500, A7 8600. От смертельного удара до экрана результата: баннер победителя боя, отъезд/панорама камеры, затемнение. A6: перед экраном ещё вкладки HERO и HAND (авто или игрок - неизвестно). A1 - экран TUTORIAL COMPLETE. Наше = CUE-011 900 + CUE-013 950 + CUE-016 1500 (последовательная сумма - оценка редактора)."
scheme_card_flyin,CUE-006,7,200,200,300,,,high,2755.5 (A2); 4371.2 (A3); 4569.13 (A3); 6954.1 (A5); 7047.1 (A5); 7347.6 (A5); 11292.567 (A7),C:/tmp/de-footage/findings/A2/s26_ai_scheme.jpg; C:/tmp/de-footage/findings/A3/s06_opp_scheme_mistform_4371.jpg; C:/tmp/de-footage/findings/A3/s13_opp_scheme_heal_4569.jpg; C:/tmp/de-footage/findings/A5/s15_scheme_baptism_6951.jpg; C:/tmp/de-footage/findings/A5/s16_ravening_7047.jpg; C:/tmp/de-footage/findings/A5/s17_mistform_place_7347.jpg; C:/tmp/de-footage/findings/A7/strip_g3_scheme_damage_11290.jpg,"значения: A2 300, A3 200, A3 200, A5 200, A5 270, A5 200, A7 270. Карта схемы соперника вылетает от его портрета и закрепляется слева сверху с лентой SCHEME. Уход: ~200-400 мс (A2 200, A3 400, A7 400)."
scheme_card_hold,CUE-006,7,1940,1600,2330,500,1440,high,2755.8 (A2); 4371.4 (A3); 4569.13 (A3); 6954.1 (A5); 7047.1 (A5); 7347.8 (A5); 11292.567 (A7),C:/tmp/de-footage/findings/A2/s26_ai_scheme.jpg; C:/tmp/de-footage/findings/A3/s06_opp_scheme_mistform_4371.jpg; C:/tmp/de-footage/findings/A3/s13_opp_scheme_heal_4569.jpg; C:/tmp/de-footage/findings/A5/s15_scheme_baptism_6951.jpg; C:/tmp/de-footage/findings/A5/s16_ravening_7047.jpg; C:/tmp/de-footage/findings/A5/s17_mistform_place_7347.jpg; C:/tmp/de-footage/findings/A7/strip_g3_scheme_damage_11290.jpg,"значения: A2 1600, A3 2330, A3 1940, A5 2000, A5 2300, A5 1800, A7 1800. Показ карты чужой схемы до или во время эффекта. При многошаговом эффекте карта висит всё время: Command the Storms ~20 с (A6 8770). Наш CUE-006 - 500 мс на весь розыгрыш."
place_appear,MS-E-88 (PLACE),3,270,0,400,240,30,medium,4374.33 (A3); 7349.7 (A5); 5968.9 (A4),C:/tmp/de-footage/findings/A3/s06_opp_scheme_mistform_4371.jpg; C:/tmp/de-footage/findings/A5/s17_mistform_place_7347.jpg; C:/tmp/de-footage/findings/A4/s17_opp_scheme_heal_place.jpg,"значения: A3 270, A5 400, A4 0. Появление при PLACE: A3 белая вспышка на клетке; A5 пуф дыма на новом месте (и ещё 400 мс на старом, фигурка по клеткам не идёт); A4 - сестра просто появляется. Наш PLACE 240 мс (fade 120 + 120)."
heal,CUE-012,3,1100,900,2000,700,400,medium,5968.3 (A4); 4569.4 (A3); 6954.4 (A5),C:/tmp/de-footage/findings/A4/s17_opp_scheme_heal_place.jpg; C:/tmp/de-footage/findings/A3/s13_opp_scheme_heal_4569.jpg; C:/tmp/de-footage/findings/A5/s15_scheme_baptism_6951.jpg,"значения: A4 1100, A3 2000, A5 900. Зелёные частицы и обводка сердца (A4), зелёный '+' (A3); число HP меняется сразу."
boost_card_to_board,"03 §4.4 (буст), MS-R-15",1,2000,2000,2000,,,medium,7137.93 (A5),C:/tmp/de-footage/findings/A5/s11_boost_move_7138.jpg; C:/tmp/de-footage/findings/A5/f_7139_95_boosted_cells.png,"значения: A5 2000. Карта буста поднимается из руки и летит к доске (~1,2 с), через ~730 мс после исчезновения появляется расширенная сетка клеток. У нас пересчёт подложек при смене буста - в тот же кадр (MS-R-15)."
turn_timer_visible_window,02 §4.5 / 02 §4.9,1,28000,28000,28000,,,medium,6238 (A5),C:/tmp/de-footage/findings/A5/s05_turn_timer_6180.jpg; C:/tmp/de-footage/findings/A5/f_6267_ai_toast.png,"значения: A5 28000. Таймер хода (TIMER Live) скрыт, пока не останется ~28 с: жёлтая полоса над счётчиками + огненное кольцо у портрета. Лимит хода ~85 с - оценка A5. По истечении ход доигрывает ИИ, тост грозит исключением (6266). Таймера защиты на экране не видел ни один аналитик."
game_load_solo,02 UI-SCR-BOOT / CUE-005,1,4600,4600,4600,,,high,1480.2 (A2),C:/tmp/de-footage/findings/A2/s02_create_game_load.jpg,"значения: A2 4600. CREATE GAME -> затемнение ~200 мс -> загрузочный арт ~1,5 с без прогресса -> доска без интро -> раздача руки -> тост."
join_online_to_place,02 UI-SCR-ROOM / CUE-017..018,1,16000,16000,16000,,,high,3122.0 (A3),C:/tmp/de-footage/findings/A3/s14_join_load_3122.jpg,"значения: A3 16000. Join -> спиннер на слоте ~5,2 с -> арт-заставка ~6,2 с -> доска -> раздача -> 'Place The Jackalope.'. Ни одного текстового статуса. Вход в онлайн-лобби из меню - модальный спиннер ~2,4 с (A3 3090.2)."
results_to_new_board_no_rematch,CUE-016 / 02 §2.9 (ВОПРОС №5),1,181160,181160,181160,,,medium,5426.67 (A4),C:/tmp/de-footage/findings/A4/s07_exhaustion_death_gameover.jpg,значения: A4 181160. Реванша нет: экран результата -> лобби 'No Games' (~154 с) -> хост создаёт новую комнату -> пароль -> загрузка. Между партиями 1 и 2 у Montaj: ~94 с (A6 9248-9342).
