timestamp,utilization.gpu,utilization.memory,memory.used,power.draw,clocks.gr,temperature.gpu
2026/09/29 05:55:04.512, 39, 8, 4219, 62.38, 1920, 50
2026/09/29 05:55:05.023, 37, 9, 4219, 61.74, 1890, 50
2026/09/29 05:55:05.538, 38, 9, 4220, 61.65, 1905, 50
2026/09/29 05:55:06.052, 39, 9, 4220, 62.27, 1905, 50
2026/09/29 05:55:06.567, 39, 9, 4215, 62.78, 1950, 50
2026/09/29 05:55:07.080, 36, 9, 4214, 62.94, 1950, 50
2026/09/29 05:55:07.592, 38, 8, 4214, 62.53, 1950, 50
2026/09/29 05:55:08.095, 34, 8, 4214, 61.57, 1845, 50
2026/09/29 05:55:08.610, 38, 9, 4215, 61.35, 1830, 50
2026/09/29 05:55:09.111, 40, 9, 4215, 61.81, 1830, 50
2026/09/29 05:55:09.628, 38, 9, 4208, 62.33, 1875, 51
2026/09/29 05:55:10.140, 37, 9, 4210, 62.66, 1875, 51
2026/09/29 05:55:10.651, 37, 8, 4210, 62.38, 1875, 51
2026/09/29 05:55:11.158, 37, 8, 4210, 61.52, 1785, 51
2026/09/29 05:55:11.672, 38, 9, 4211, 61.32, 1770, 51
2026/09/29 05:55:12.184, 40, 9, 4211, 61.86, 1800, 51
2026/09/29 05:55:12.697, 39, 9, 4207, 62.59, 1890, 51
2026/09/29 05:55:13.211, 37, 9, 4212, 62.93, 1890, 51
2026/09/29 05:55:13.715, 37, 8, 4212, 62.57, 1890, 51
2026/09/29 05:55:14.216, 35, 7, 4212, 61.58, 1815, 51
2026/09/29 05:55:14.718, 38, 9, 4212, 61.34, 1815, 51
2026/09/29 05:55:15.220, 42, 9, 4212, 61.97, 1815, 51
2026/09/29 05:55:15.735, 38, 9, 4207, 62.44, 1905, 51
2026/09/29 05:55:16.246, 36, 9, 4211, 62.58, 1905, 51
2026/09/29 05:55:16.760, 37, 8, 4211, 62.29, 1905, 51
2026/09/29 05:55:17.261, 35, 8, 4212, 61.43, 1830, 51
2026/09/29 05:55:17.765, 39, 9, 4212, 61.16, 1815, 51
2026/09/29 05:55:18.278, 40, 9, 4207, 61.83, 1800, 51
2026/09/29 05:55:18.792, 39, 9, 4212, 62.57, 1890, 51
2026/09/29 05:55:19.293, 37, 9, 4212, 62.90, 1890, 51
2026/09/29 05:55:19.805, 36, 7, 4212, 62.55, 1890, 51
2026/09/29 05:55:20.318, 34, 8, 4212, 61.70, 1785, 51
2026/09/29 05:55:20.819, 41, 9, 4213, 61.54, 1785, 51
2026/09/29 05:55:21.334, 40, 9, 4213, 62.78, 1890, 51
2026/09/29 05:55:21.848, 37, 9, 4212, 62.76, 1890, 51
2026/09/29 05:55:22.362, 40, 9, 4215, 62.93, 1920, 51
2026/09/29 05:55:22.876, 35, 8, 4249, 62.86, 1935, 51
2026/09/29 05:55:23.389, 35, 9, 4257, 62.63, 1935, 51
2026/09/29 05:55:23.902, 45, 10, 4258, 63.23, 2250, 51
2026/09/29 05:55:24.403, 36, 5, 4253, 65.87, 2370, 52
2026/09/29 05:55:24.915, 33, 4, 4252, 72.95, 2370, 52
2026/09/29 05:55:25.429, 41, 5, 4262, 79.51, 2370, 52
2026/09/29 05:55:25.940, 38, 5, 4261, 81.91, 2385, 52
2026/09/29 05:55:26.453, 39, 5, 4265, 84.30, 2385, 52
2026/09/29 05:55:26.968, 40, 5, 4261, 83.04, 2385, 52
2026/09/29 05:55:27.469, 35, 5, 4250, 82.86, 2385, 52
2026/09/29 05:55:27.979, 33, 4, 4250, 81.69, 2295, 52
2026/09/29 05:55:28.480, 36, 7, 4232, 72.67, 2265, 52
2026/09/29 05:55:28.993, 34, 8, 4232, 64.82, 2190, 52
2026/09/29 05:55:29.508, 40, 10, 4234, 63.20, 2160, 52
2026/09/29 05:55:30.022, 37, 9, 4244, 63.88, 2130, 52
2026/09/29 05:55:30.533, 41, 10, 4238, 64.60, 2145, 52
2026/09/29 05:55:31.034, 35, 9, 4242, 64.68, 2145, 52
2026/09/29 05:55:31.549, 38, 9, 4253, 64.44, 2145, 52
2026/09/29 05:55:32.063, 32, 7, 4255, 63.63, 2025, 52
2026/09/29 05:55:32.577, 41, 10, 4265, 63.84, 2010, 52
2026/09/29 05:55:33.091, 39, 9, 4265, 64.32, 2130, 52
2026/09/29 05:55:33.591, 37, 9, 4261, 65.24, 2250, 52
2026/09/29 05:55:34.104, 37, 9, 4266, 65.50, 2250, 52
