timestamp, utilization.gpu [%], memory.used [MiB]
2026/10/01 08:35:33.622, 28 %, 2786 MiB
2026/10/01 08:35:34.138, 29 %, 2786 MiB
2026/10/01 08:35:34.651, 28 %, 2786 MiB
2026/10/01 08:35:35.166, 30 %, 2786 MiB
2026/10/01 08:35:35.679, 29 %, 2786 MiB
2026/10/01 08:35:36.181, 29 %, 2786 MiB
2026/10/01 08:35:36.683, 31 %, 2796 MiB
2026/10/01 08:35:37.184, 27 %, 2798 MiB
2026/10/01 08:35:37.697, 29 %, 2798 MiB
2026/10/01 08:35:38.211, 32 %, 2798 MiB
2026/10/01 08:35:38.725, 32 %, 2798 MiB
2026/10/01 08:35:39.229, 31 %, 2798 MiB
2026/10/01 08:35:39.741, 28 %, 2798 MiB
2026/10/01 08:35:40.253, 29 %, 2798 MiB
2026/10/01 08:35:40.769, 29 %, 2798 MiB
2026/10/01 08:35:41.270, 32 %, 2798 MiB
2026/10/01 08:35:41.784, 32 %, 2790 MiB
2026/10/01 08:35:42.293, 32 %, 2790 MiB
2026/10/01 08:35:42.807, 29 %, 2790 MiB
2026/10/01 08:35:43.320, 28 %, 2790 MiB
2026/10/01 08:35:43.835, 28 %, 2789 MiB
2026/10/01 08:35:44.347, 32 %, 2789 MiB
2026/10/01 08:35:44.861, 32 %, 2789 MiB
2026/10/01 08:35:45.374, 30 %, 2789 MiB
2026/10/01 08:35:45.889, 28 %, 2789 MiB
2026/10/01 08:35:46.405, 27 %, 2789 MiB
2026/10/01 08:35:46.918, 28 %, 2789 MiB
2026/10/01 08:35:47.431, 34 %, 2789 MiB
2026/10/01 08:35:47.944, 33 %, 2789 MiB
2026/10/01 08:35:48.459, 30 %, 2789 MiB
2026/10/01 08:35:48.970, 29 %, 2789 MiB
2026/10/01 08:35:49.476, 29 %, 2789 MiB
2026/10/01 08:35:49.987, 32 %, 2789 MiB
2026/10/01 08:35:50.503, 31 %, 2789 MiB
2026/10/01 08:35:51.018, 31 %, 2789 MiB
2026/10/01 08:35:51.531, 28 %, 2789 MiB
2026/10/01 08:35:52.043, 27 %, 2789 MiB
2026/10/01 08:35:52.554, 30 %, 2789 MiB
2026/10/01 08:35:53.058, 32 %, 2789 MiB
2026/10/01 08:35:53.572, 32 %, 2789 MiB
2026/10/01 08:35:54.086, 32 %, 2789 MiB
2026/10/01 08:35:54.601, 29 %, 2789 MiB
2026/10/01 08:35:55.111, 28 %, 2789 MiB
