timestamp, utilization.gpu [%], memory.used [MiB], power.draw [W]
2026/10/01 11:29:21.543, 49 %, 2819 MiB, 132.65 W
2026/10/01 11:29:22.056, 48 %, 2819 MiB, 132.40 W
2026/10/01 11:29:22.571, 48 %, 2813 MiB, 132.24 W
2026/10/01 11:29:23.077, 48 %, 2808 MiB, 132.63 W
2026/10/01 11:29:23.583, 50 %, 2824 MiB, 132.36 W
2026/10/01 11:29:24.087, 48 %, 2818 MiB, 132.29 W
2026/10/01 11:29:24.593, 46 %, 2813 MiB, 132.41 W
2026/10/01 11:29:25.106, 46 %, 2814 MiB, 132.06 W
2026/10/01 11:29:25.614, 47 %, 2874 MiB, 131.83 W
2026/10/01 11:29:26.122, 46 %, 2874 MiB, 132.00 W
2026/10/01 11:29:26.629, 47 %, 2879 MiB, 132.38 W
2026/10/01 11:29:27.141, 47 %, 2879 MiB, 132.60 W
2026/10/01 11:29:27.656, 46 %, 2870 MiB, 132.26 W
2026/10/01 11:29:28.168, 46 %, 2870 MiB, 131.74 W
2026/10/01 11:29:28.678, 46 %, 2867 MiB, 132.03 W
2026/10/01 11:29:29.193, 46 %, 2867 MiB, 132.22 W
2026/10/01 11:29:29.705, 47 %, 2872 MiB, 132.09 W
2026/10/01 11:29:30.218, 47 %, 2872 MiB, 132.43 W
2026/10/01 11:29:30.729, 46 %, 2867 MiB, 132.54 W
2026/10/01 11:29:31.243, 46 %, 2888 MiB, 132.38 W
2026/10/01 11:29:31.754, 45 %, 2888 MiB, 132.05 W
2026/10/01 11:29:32.269, 46 %, 2878 MiB, 131.87 W
2026/10/01 11:29:32.777, 49 %, 2868 MiB, 132.33 W
2026/10/01 11:29:33.286, 47 %, 2900 MiB, 133.35 W
2026/10/01 11:29:33.795, 42 %, 2898 MiB, 132.67 W
2026/10/01 11:29:34.309, 41 %, 2899 MiB, 130.94 W
2026/10/01 11:29:34.821, 42 %, 2900 MiB, 130.62 W
2026/10/01 11:29:35.334, 42 %, 2903 MiB, 130.66 W
2026/10/01 11:29:35.848, 43 %, 2903 MiB, 130.53 W
2026/10/01 11:29:36.363, 43 %, 2887 MiB, 130.74 W
2026/10/01 11:29:36.876, 42 %, 2885 MiB, 130.92 W
2026/10/01 11:29:37.389, 40 %, 2886 MiB, 130.30 W
2026/10/01 11:29:37.903, 41 %, 2886 MiB, 129.88 W
2026/10/01 11:29:38.413, 41 %, 2884 MiB, 129.93 W
2026/10/01 11:29:38.919, 43 %, 2881 MiB, 130.35 W
2026/10/01 11:29:39.430, 42 %, 2869 MiB, 130.92 W
2026/10/01 11:29:39.934, 42 %, 2877 MiB, 130.70 W
2026/10/01 11:29:40.442, 41 %, 2876 MiB, 130.51 W
2026/10/01 11:29:40.948, 42 %, 2875 MiB, 130.81 W
2026/10/01 11:29:41.455, 41 %, 2880 MiB, 131.04 W
