contentKey,nazvanie,etap,istochnik_dannyh,status_bazovoy_mehaniki,unikalnye_mehaniki,nuzhnye_ui_sostoyaniya,podderzhka_servera,scenarii_proverki,art_karty_portret_model,pomoschniki_animacii_vfx_zvuk,nereshennye_voprosy
medusa,Medusa (Медуза),MVP,RSC scrape + live S01 content-medusa.json / duel-start-p1.json (2026-09-18),S01: generic-способность исполняется; optional choice отсутствует; исправить GD-017,Petrifying Gaze: в начале хода авто-урон 1 первому вражескому бойцу в зоне Медузы (08 §2.18); «you may»/выбор цели не моделируются; ranged-атака по зоне,выбор бойца; подсказка способности; подсветка целей по зонам; HP 16; панель 3 помощников,S01 combat-before/after-gaze: Arthur 18→17; Merlin 7→7; обе цели в зоне; выбора/отказа нет. Это дефект правил; GD-017.,QA-004; спец-проверка Petrifying Gaze живой партией; ranged через legacy zone (10 §3.1),avatar/mini/card-cover/characterCard — URL Supabase в скрапе; локальная копия .glb есть (референс формы — D-06); арты карт НЕ синхронизированы в public/assets,модель Medusa с лёгким ригом (D-11); VFX взгляда; idle/выпад/урон/смерть,движение из каталога захардкожено 3 (05:396) — брать из fighters; лицензии скрапа
medusa-sidekick-harpy,Harpy ×3 (Гарпии),MVP,scraped-data/api/heroes/medusa.json — 3 записи sidekicks; данные скрапа; соответствие БД проверить,поддерживается (MINION),"HP 1 — умирает от любого урона; 3 экземпляра одного типа; bannerName ""Harpy"" у 2 карт колоды (5 копий)",различение 3 одинаковых по fighter.id и номеру; смерть фигурки; подсветка banner-доступности карт,S01: три MINION с уникальными fighter.id; HP1 / movement3 / melee; возврат Winged Frenzy ещё не проверен,«атака 1 убивает гарпию»; banner-матч Harpy↔Harpy 2 (10 §3.3); три одинаковых помощника (бриф §15),sidekick avatar — URL Supabase; в public/assets нет; модель Harpy одна на 3 фигурки (бриф §9.3),анимация смерти (оседание — D-11); маркер владения; idle,воскрешение гарпии (Winged Frenzy) — EffectType нет — manualEffects?
king-arthur,King Arthur (Король Артур),MVP,RSC scrape + live S01 content-king-arthur.json / duel-start-p1.json (2026-09-18),поддерживается — hand-written arthur.handler.ts Holy Avenger allowsAttackBoost (ФАКТ 08 §2.27),буст любой атаки картой из руки; печать «лицом вниз/сброс буста при отмене» не моделируется — GAP №2; двойной буст Noble Sacrifice — GAP №3,слот буста у каждой атаки Артура; HP 18; выбор Мерлина отдельным бойцом,классический handler в реестре; allowsAttackBoost читается CombatResolver (08 §1.2),QA-004 + сценарий B (01 §5); буст второй атаки за ход,avatar/mini/card-cover/characterCard — URL Supabase в скрапе; локальная копия .glb есть (референс — D-06); арты карт НЕ синхронизированы,модель Arthur с лёгким ригом (D-11); сброс буста VFX; idle/выпад/урон/смерть,S01 live: admin content/fighter movement2; public hero movement3. Коррекция каталога GD-019/027; ability boost ещё требует GD-017.
king-arthur-sidekick-merlin,Merlin (Мерлин),MVP,scraped-data/api/heroes/king-arthur.json — 1 запись sidekick; данные скрапа; соответствие БД проверить,поддерживается (MINION),ranged-сайдкик; 7 HP; 5 уникальных карт с bannerName Merlin (7 копий),выбор Мерлина атакующим; ranged-подсветка целей; смерть сайдкика не завершает игру,S01: один MINION; HP7 / movement2 / ranged; сложные схемы не подтверждены,атака Мерлином по зоне; карты Prophecy/Restless Spirits — ручные эффекты (см. строки карт),sidekick avatar — URL Supabase; модели в public/assets нет; модель Merlin делать (бриф §9.3),модель Merlin с лёгким ригом (D-11),—
board-cobble-city,Cobble City (доска),MVP,S01 content-board.json + duel-start-p1.json; свежий API 2026-09-18,S01: 5×6 / 30 уникальных клеток подтверждены; тактический граф и стартовые области ещё GD-014/016,Live: 2 зоны blue/red; мультизон и явных рёбер нет. Старые static 6×4/5 зон не совпадают с БД.,зоны различимы формой+цветом (доступность); читаемые мультизонные клетки; стартовые позиции,BOARD_REGISTRY cobble-city; fallback 20×20 без зон → ranged деградирует до смежности (10 §5.1),сверка boardState живой партии с 3D-моделью до блокировки доски (GAP); ranged через мультизоны,imageUrl в коде — времная подмена hells-kitchen.webp; арта cobble-city в public/assets отсутствует,доска-диорама (D-02); фиксированный угол + зум (D-10); свет фонарей,Мультизонный live-тест блокирован отсутствием мультизон; финальный арт доски ждёт GD-014. Серая UE-сцена работает на fixture.
medusa-card-second-shot,Second Shot / Двойной выстрел — attack 3 / буст 3 / ×3 (banner Medusa),MVP,скрап medusa.json — данные скрапа; соответствие БД проверить,поддерживается (тип эффекта в реестре — 09 §2; парсинг текста в БД проверить),during: «можете усилить эту атаку» — BOOST PLAYER_CHOICE_HAND,слот буста при розыгрыше атаки,mutation attack(cardId; boostCardId) — 09 §3,QA-004; буст не той же картой,арт EN+RU в скрапе (Supabase); в public/assets/decks нет — прогнать sync-card-assets.mjs medusa,общие CUE атаки/буста,при отсутствии BOOST-эффекта в БД буст сломается — проверить поле effects
medusa-card-a-momentary-glance,A Momentary Glance / Мимолётный взгляд — scheme / буст 4 / ×2 (Medusa),MVP,скрап medusa.json — данные скрапа; соответствие БД проверить,требует проверки: цели «боец в зоне Медузы» нет в реестре целей (09 §2.2) — вероятно manualEffects,effect: 2 урона любому бойцу в зоне Медузы,панель выбора цели из списка бойцов зоны (если авто не найдётся — ручная панель),mutation playScheme(cardId),проверить: применился ли урон автоматически; иначе ручное применение,арт EN+RU в скрапе; в public/assets/decks нет,общие CUE scheme/урона,если manualEffects — нужен UI ручного применения без блокировки игры (09 §2 UNSUPPORTED)
medusa-card-winged-frenzy,Winged Frenzy / Крылатое буйство — scheme / буст 2 / ×2 (Any),MVP,скрап medusa.json — данные скрапа; соответствие БД проверить,требует проверки: движение «сквозь бойцов» не поддержано BFS (10 §2.1); воскрешения гарпии нет в EffectType — частично manual,effect: двигать всех своих до 3 сквозь врагов; вернуть поверженную гарпию в зону Медузы,последовательный выбор позиций для каждого бойца; панель возврата гарпии,mutation playScheme → resolvePendingEffect (MOVE) на каждого бойца,проверить какие части ушли в pending/manualEffects; согласовать с GAP №5,арт EN+RU в скрапе; в public/assets/decks нет,CUE скольжения; VFX возврата гарпии,самая сложная карта Medusa для движка — кандидат на упрощённое поведение в MVP
medusa-card-gaze-of-stone,Gaze of Stone / Убийственный взор — attack 2 / буст 4 / ×3 (Medusa),MVP,скрап medusa.json — данные скрапа; соответствие БД проверить,поддерживается: DAMAGE + OPPOSING_FIGHTER + WON_COMBAT (09 §2),after: при победе в бою — 8 урона атакованному бойцу,обычный ход атаки; акцент на итог урона 8,mutation attack(cardId) — эффект применится при резолве,QA-004; сценарий с добиванием героя,арт EN+RU в скрапе; в public/assets/decks нет,VFX мощного урона (камень),—
medusa-card-hiss-and-slither,Hiss and Slither / Шипеть и извиваться — defense 4 / буст 3 / ×3 (Medusa),MVP,скрап medusa.json — данные скрапа; соответствие БД проверить,поддерживается: OPPONENT_DISCARD (09 §2),after: соперник сбрасывает 1 карту,панель защиты; индикация сброса у соперника (рубашка),mutation playDefense(cardId),QA-004; сценарий B (01 §5),арт EN+RU в скрапе; в public/assets/decks нет,CUE защиты/сброса,—
medusa-card-feint,Feint / Уловка — versatile 2/2 / ×3 (Any),MVP,скрап medusa.json — данные скрапа; соответствие БД проверить,поддерживается: CANCEL_EFFECTS ON_REVEAL (09 §2),immediately: отменить все эффекты карты противника,подсветка «эффекты отменены» в раскрытии боя,mutation attack/playDefense(cardId),QA-004; проверка: отменённая карта сохраняет печатное значение (10 §4 шаг 1),арт EN+RU в скрапе; в public/assets/decks нет,VFX отмены,буст 2 (в деке Arthur копия этой карты имеет буст 1 — экземпляры различаются)
medusa-card-regroup,Regroup / Передышка — versatile 1/2 / ×3 (Any),MVP,скрап medusa.json — данные скрапа; соответствие БД проверить,поддерживается: DRAW_CARD + условие WON_COMBAT (09 §2),after: добор 1 карты; при победе — 2,анимация добора 1/2 карт,mutation attack/playDefense(cardId),QA-004,арт EN+RU в скрапе; в public/assets/decks нет,CUE добора,буст 2 (в деке Arthur — 1)
medusa-card-snipe,Snipe / Меткий выстрел — versatile 3/1 / ×3 (Any),MVP,скрап medusa.json — данные скрапа; соответствие БД проверить,поддерживается: DRAW_CARD (09 §2),after: добор 1 карты,анимация добора,mutation attack/playDefense(cardId),QA-004,арт EN+RU в скрапе; в public/assets/decks нет,CUE добора,—
medusa-card-the-hounds-of-mighty-zeus,The Hounds of Mighty Zeus / Гончие могучего Зевса — versatile 4/3 / ×2 (Harpy),MVP,скрап medusa.json — данные скрапа; соответствие БД проверить,требует проверки: «двигать каждую гарпию до 3» — модель pendingEffect двигает одного бойца за резолв (10 §8) — как порождается «each» проверить,after: двигать каждую гарпию до 3 клеток,баннер banner-ограничения (только гарпии); последовательный выбор 1-3 гарпий,mutation attack(cardId) → resolvePendingEffect (MOVE fighterName=Harpy),проверить количество порождённых pending; различение гарпий по id,арт EN+RU в скрапе; в public/assets/decks нет,CUE скольжения гарпий,длинное RU название — QA-011
medusa-card-clutching-claws,Clutching Claws / Мёртвая хватка — versatile 3/2 / ×3 (Harpy),MVP,скрап medusa.json — данные скрапа; соответствие БД проверить,поддерживается: OPPONENT_DISCARD (09 §2),after: соперник сбрасывает 1 карту,панель боя; banner-подсветка (гарпия-атакующий),mutation attack(cardId),QA-004; атака гарпией по смежности,арт EN+RU в скрапе; в public/assets/decks нет,CUE атаки/сброса,—
medusa-card-dash,Dash / Рывок — versatile 3/1 / ×3 (Any),MVP,скрап medusa.json — данные скрапа; соответствие БД проверить,поддерживается: MOVE pendingEffect value 3 (10 §8),after: двигать своего бойца боя до 3 клеток,баннер pending-выбора (боец + клетка),mutation attack/playDefense(cardId) → resolvePendingEffect(fighterId; x; y),QA-004; сценарий с отступлением после боя,арт EN+RU в скрапе; в public/assets/decks нет,CUE скольжения,блокировка пути живыми бойцами — отличие от печатного «сквозь» отсутствует (текста «сквозь» нет — согласовано)
king-arthur-card-the-lady-of-the-lake,The Lady of the Lake (RU нет) — scheme / буст 2 / ×1 (Arthur),MVP,скрап king-arthur.json — данные скрапа; соответствие БД проверить,требует проверки: поиска по колоде/сбросу нет в EffectType (09 §2) — вероятно manualEffects,effect: найти EXCALIBUR в колоде или сбросе — в руку; перетасовать колоду,панель поиска (если ручная): своя колода+сброс открыты,mutation playScheme(cardId),проверить manualEffects; сценарий: Excalibur в колоде / в сбросе,арт EN+RU-изображение в скрапе; RU-текста нет — источник RU-строки? (QA-011/D-08),общие CUE scheme,RU-локализация текста карты отсутствует в скрапе
king-arthur-card-the-aid-of-morgana,The Aid of Morgana (RU нет) — attack 4 / буст 2 / ×1 (Arthur),MVP,скрап king-arthur.json — данные скрапа; соответствие БД проверить,поддерживается: DRAW_CARD (09 §2),after: добор 2 карт,анимация добора 2,mutation attack(cardId),QA-004,арт EN+RU-изображение в скрапе; RU-текста нет,CUE добора,RU-текста нет в скрапе
king-arthur-card-prophecy,Prophecy (RU нет) — scheme / буст 2 / ×1 (Merlin),MVP,скрап king-arthur.json — данные скрапа; соответствие БД проверить,требует проверки: «посмотреть 4 верхние карты — взять 2» нет в EffectType — вероятно manualEffects,effect: посмотреть верхние 4 карты колоды; 2 в руку и 2 назад в любом порядке,панель выбора 2 из 4 (ручная),mutation playScheme(cardId),проверить manualEffects; порядок возврата карт,арт EN+RU-изображение в скрапе; RU-текста нет,CUE scheme/добора,RU-текста нет в скрапе
king-arthur-card-excalibur,Excalibur (RU нет) — attack 6 / буст 3 / ×1 (Arthur),MVP,скрап king-arthur.json — данные скрапа; соответствие БД проверить,поддерживается: карта без эффектов (чистое значение),—; сильнейшая атака деки,обычный ход атаки + буст способностью Артура,mutation attack(cardId; boostCardId),QA-004; связка с The Lady of the Lake,арт EN+RU-изображение в скрапе; RU-текста нет,VFX мощной атаки,—
king-arthur-card-momentous-shift,Momentous Shift (RU нет) — versatile 3/1 / ×3 (Any),MVP,скрап king-arthur.json — данные скрапа; соответствие БД проверить,поддерживается: SET_VALUE 5 + условие MOVED_THIS_TURN (09 §1.4; turnStartPositions — 10 §1.3),during: если боец начал ход на другой клетке — значение 5,подсказка условия (двигался ли боец) — GDD-015,mutation attack/playDefense(cardId),проверка turnStartPositions после манёвра,арт EN+RU-изображение в скрапе; RU-текста нет,CUE боя,—
king-arthur-card-bewilderment,Bewilderment (RU нет) — defense 0 / буст 2 / ×2 (Merlin),MVP,скрап king-arthur.json — данные скрапа; соответствие БД проверить,поддерживается: PREVENT_DAMAGE + PLACE pendingEffect (09 §2; зонные ограничения PLACE — TODO 10 §8.3),during: предотвратить весь урон; after: поставить своего бойца на любую клетку,панель защиты + баннер PLACE-выбора,mutation playDefense(cardId) → resolvePendingEffect,QA-004; «0 защиты + prevent» против атаки 6,арт EN+RU-изображение в скрапе; RU-текста нет,VFX предотвращения; телепорт,PLACE без зонных ограничений — печатное «в ту же зону» не соблюдается (GAP-кандидат к №4/10 §8.3)
king-arthur-card-command-the-storms,Command the Storms (RU нет) — scheme / буст 2 / ×2 (Merlin),MVP,скрап king-arthur.json — данные скрапа; соответствие БД проверить,требует проверки: массовое движение ВСЕХ бойцов включая чужих; модель pendingEffect двигает своего (или чужого только через targetsOpponent) — «each fighter» проверить,effect: двигать каждого бойца (вкл. противника) до 3 клеток,последовательные выборы по всем бойцам доски,mutation playScheme(cardId) → resolvePendingEffect×N,проверить порождение pending на каждого бойца,арт EN+RU-изображение в скрапе; RU-текста нет,CUE скольжения всех фигурок,самая массовая карта MVP — кандидат на manualEffects
king-arthur-card-regroup,Regroup / Передышка — versatile 1/1 / ×3 (Any),MVP,скрап king-arthur.json — данные скрапа; соответствие БД проверить,поддерживается: DRAW_CARD + WON_COMBAT,after: добор 1; при победе 2,анимация добора,mutation attack/playDefense(cardId),QA-004,арт EN+RU в скрапе (RU-текст есть); в public/assets/decks нет,CUE добора,единственная карта Arthur с RU-текстом вместе с Feint
king-arthur-card-swift-strike,Swift Strike (RU нет) — attack 3 / буст 2 / ×2 (Any),MVP,скрап king-arthur.json — данные скрапа; соответствие БД проверить,поддерживается: MOVE pendingEffect value 4,after: двигать своего бойца до 4 клеток,баннер pending-выбора,mutation attack(cardId) → resolvePendingEffect,QA-004,арт EN+RU-изображение в скрапе; RU-текста нет,CUE атаки/скольжения,RU-текста нет в скрапе
king-arthur-card-aid-the-chosen-one,Aid the Chosen One (RU нет) — attack 4 / буст 2 / ×1 (Merlin),MVP,скрап king-arthur.json — данные скрапа; соответствие БД проверить,поддерживается: DRAW_CARD + WON_COMBAT,after: при победе — добор 2,анимация добора,mutation attack(cardId),QA-004,арт EN+RU-изображение в скрапе; RU-текста нет,CUE добора,RU-текста нет в скрапе
king-arthur-card-divine-intervention,Divine Intervention (RU нет) — versatile 3/2 / ×2 (Arthur),MVP,скрап king-arthur.json — данные скрапа; соответствие БД проверить,поддерживается: MOVE pendingEffect value 5 (fighterName=King Arthur),after: двигать King Arthur до 5 клеток,баннер pending-выбора; подсветка 5-клеточного радиуса,mutation attack/playDefense(cardId) → resolvePendingEffect,проверить: BFS-досягаемость 5 с блокировкой бойцов (печатного «сквозь» нет — согласовано),арт EN+RU-изображение в скрапе; RU-текста нет,CUE скольжения,RU-текста нет в скрапе
king-arthur-card-feint,Feint / Уловка — versatile 2/1 / ×3 (Any),MVP,скрап king-arthur.json — данные скрапа; соответствие БД проверить,поддерживается: CANCEL_EFFECTS ON_REVEAL,immediately: отменить все эффекты карты противника,подсветка «эффекты отменены»,mutation attack/playDefense(cardId),QA-004,арт EN+RU в скрапе (RU-текст есть); в public/assets/decks нет,VFX отмены,буст 1 (в деке Medusa — 2)
king-arthur-card-noble-sacrifice,Noble Sacrifice (RU нет) — attack 2 / буст 3 / ×3 (Arthur),MVP,скрап king-arthur.json — данные скрапа; соответствие БД проверить,поддерживается: BOOST PLAYER_CHOICE_HAND; печать «буст сверх способности» (вторая буст-карта) контрактом не поддержана — GAP №3,during: можете усилить эту атаку (в дополнение к способности Артура),слот буста (карта + способность),mutation attack(cardId; boostCardId),QA-004; проверка одновременного буста способностью и картой,арт EN+RU-изображение в скрапе; RU-текста нет,CUE атаки/буста,RU-текста нет; расхождение с печатью — GAP №3
king-arthur-card-restless-spirits,Restless Spirits (RU нет) — scheme / буст 2 / ×1 (Merlin),MVP,скрап king-arthur.json — данные скрапа; соответствие БД проверить,требует проверки: урона по ВЫБРАННОЙ КЛЕТКЕ (+смежной) нет в реестре целей (09 §2.2) — вероятно manualEffects,effect: выбрать клетку зоны Мерлина; 2 урона бойцам в ней и в смежной; при добивании — добор,панель выбора клетки зоны (ручная),mutation playScheme(cardId),проверить manualEffects; урон по пустой клетке,арт EN+RU-изображение в скрапе; RU-текста нет,VFX зонного урона,RU-текста нет в скрапе
king-arthur-card-skirmish,Skirmish (RU нет) — versatile 4/1 / ×3 (Any),MVP,скрап king-arthur.json — данные скрапа; соответствие БД проверить,поддерживается: MOVE pendingEffect (боец боя) при WON_COMBAT,after: при победе выбрать бойца боя и двигать до 2,баннер pending-выбора (свой или чужой боец боя),mutation attack/playDefense(cardId) → resolvePendingEffect,QA-004; сценарий B (01 §5) — эталонная карта доп. выбора,арт EN+RU-изображение в скрапе; RU-текста нет,CUE боя/скольжения,RU-текста нет в скрапе
king-arthur-card-the-holy-grail,The Holy Grail (RU нет) — defense 1 / буст 2 / ×1 (Arthur),MVP,скрап king-arthur.json — данные скрапа; соответствие БД проверить,требует проверки: «установить здоровье 8» — прямого SET-health в EffectType нет; вероятно HEAL с условием HEALTH_AT_MOST 4 — парсинг проверить,after: если у Arthur ≤4 HP и он жив — здоровье становится 8,индикация лечения/устойчивости,mutation playDefense(cardId),проверить фактический эффект в БД; граничные 4/5 HP,арт EN+RU-изображение в скрапе; RU-текста нет,VFX лечения,RU-текста нет в скрапе
medusa-deck,Колода Medusa — 11 уникальных / 30 копий,MVP,сумма строк карт (скрап medusa.json); соответствие БД проверить,копии подтверждены суммой скрапа: атак 6 / защит 3 / scheme 4 / versatile 17,2 карты-кандидата на manualEffects (A Momentary Glance / Winged Frenzy); баннеры: Medusa 11 копий / Any 14 / Harpy 5,рука стартует с 5 (лимит 7); recycle сброса при пустой колоде; рубашка колоды,инициализация: карты по count с instance id cardId::N; шаффл Fisher-Yates; верхние 5 в руку (10 §9.1),QA-003; QA-005; полная партия QA-001,рубашка = cardBackImage из скрапа; арты карт не синхронизированы — задача sync-card-assets.mjs medusa,CUE добора/сброса/перетасовки,RU-арты и RU-тексты всех 11 карт есть в скрапе
king-arthur-deck,Колода King Arthur — 16 уникальных / 30 копий,MVP,сумма строк карт (скрап king-arthur.json); соответствие БД проверить,копии подтверждены суммой скрапа: атак 8 / защит 3 / scheme 5 / versatile 14,4 карты-кандидата на manualEffects (Lady of the Lake / Prophecy / Command the Storms / Restless Spirits); Excalibur ×1 — цель поиска Lady of the Lake; баннеры: Arthur 9 копий / Merlin 7 / Any 14,рука стартует с 5 (лимит 7); recycle; рубашка колоды,инициализация та же (10 §9.1),QA-003; QA-005; полная партия QA-001,рубашка = cardBackImage из скрапа; арты карт не синхронизированы — задача sync-card-assets.mjs king-arthur,CUE добора/сброса,RU-тексты только у Regroup и Feint — источник RU-строк для остальных 14 карт (перевод? скрап?)
