assetKey,entityType,stableContentKey,sourceReference,blendPath,exportPath,unrealAssetPath,variant,version,sourceHash,verificationStatus,fallbackAssetKey
ASSET-PLACEHOLDER-MANNEQUIN,prop,,нет — с нуля (D-06); серый fallback фигурок; кандидат art/pipeline-candidates/ASSET-PLACEHOLDER-MANNEQUIN/20260928-blender-um-fbx-v1 (измерено; UE нет),blender/ASSET-PLACEHOLDER-MANNEQUIN/mannequin.blend,blender/ASSET-PLACEHOLDER-MANNEQUIN/export/SM_PlaceholderMannequin.fbx,/Game/Meshes/SM/SM_PlaceholderMannequin,teamColor,0,,in_progress,
ASSET-MEDUSA-001,hero,medusa,scraped-data/images/heroes/models/3eR7yPmdggV_bbHII_HIq.glb — только референс формы (D-06); модель с нуля; факт 2026-09-30: Tripo H2 по концептам art/imagegen/hero-quality-v1 → /Game/PipelineCandidates/Medusa/H2LD (технически импортировано; D-06 vs Tripo — предложение docs/art-pipeline/proposals/d06-tripo-norms.diff.md),blender/ASSET-MEDUSA-001/medusa.blend,blender/ASSET-MEDUSA-001/export/SK_Medusa.fbx,/Game/Meshes/SK/SK_Medusa,teamColor,0,,in_progress,ASSET-PLACEHOLDER-MANNEQUIN
ASSET-HARPY-001,sidekick,harpy,нет исходника (в скрапе .glb гарпии нет); модель с нуля (D-06); 3 экземпляра фигурок из одного ассета; факт 2026-09-30: Tripo H3 по концептам art/imagegen/hero-quality-v1 → /Game/PipelineCandidates/Harpy/H3LD (технически импортировано),blender/ASSET-HARPY-001/harpy.blend,blender/ASSET-HARPY-001/export/SK_Harpy.fbx,/Game/Meshes/SK/SK_Harpy,teamColor,0,,in_progress,ASSET-PLACEHOLDER-MANNEQUIN
ASSET-KING-ARTHUR-001,hero,king-arthur,scraped-data/images/heroes/models/xfdrwhmlwG_bbpcMBbfbv.glb — только референс формы (D-06); модель с нуля; факт 2026-09-30: Tripo H2 по концептам art/imagegen/hero-quality-v1 → /Game/PipelineCandidates/KingArthur/H2LD (технически импортировано),blender/ASSET-KING-ARTHUR-001/king-arthur.blend,blender/ASSET-KING-ARTHUR-001/export/SK_KingArthur.fbx,/Game/Meshes/SK/SK_KingArthur,teamColor,0,,in_progress,ASSET-PLACEHOLDER-MANNEQUIN
ASSET-MERLIN-001,sidekick,merlin,нет исходника (в скрапе .glb Merlin нет); модель с нуля (D-06); факт 2026-09-30: Tripo H2 по концептам art/imagegen/hero-quality-v1 → /Game/PipelineCandidates/Merlin/H2LD (технически импортировано),blender/ASSET-MERLIN-001/merlin.blend,blender/ASSET-MERLIN-001/export/SK_Merlin.fbx,/Game/Meshes/SK/SK_Merlin,teamColor,0,,in_progress,ASSET-PLACEHOLDER-MANNEQUIN
ASSET-BOARD-COBBLE-001,board,cobble-city,истина — boardState живой партии; ПРОТИВОРЕЧИЕ: код 6x4 (src/core/data/boards/cobble-city.ts) vs API 5x6 (бриф §2.2); до проверки серийная модель не стартует — серый вариант параметрический в UE; факт 2026-09-28: живой boardState 5x6 (evidence/ART-004/live-cobble-k1-self-acceptance-2026-09-28.md); кандидат blender/ASSET-BOARD-COBBLE-001 в live packaged; финальный габарит AD-OPEN-36,blender/ASSET-BOARD-COBBLE-001/cobble-city.blend,blender/ASSET-BOARD-COBBLE-001/export/SM_BoardCobbleCity.fbx,/Game/Meshes/SM/SM_BoardCobbleCity,,0,,in_progress,
ASSET-TABLE-BASE-001,decor,,нет — с нуля (D-06); геометрией доски не блокируется; входы Tripo готовы; меша нет — платный шаг Tripo не выполнен (docs/art-pipeline/table-base-report.md),blender/ASSET-TABLE-BASE-001/table-base.blend,blender/ASSET-TABLE-BASE-001/export/SM_TableBase.fbx,/Game/Meshes/SM/SM_TableBase,,0,,blocked,
ASSET-DECOR-KIT-001,decor,,нет — с нуля (D-06); семейство SM_Decor_Lantern / SM_Decor_FacadeA / SM_Decor_FacadeB / SM_Decor_FacadeC / SM_Decor_Crate / SM_Decor_Barrel; кандидаты: бочка (UE технически) / фонарь (Tripo+Blender) / фасады и ящик (Blender) — docs/art-pipeline/*-report.md,blender/ASSET-DECOR-KIT-001/decor-kit.blend,blender/ASSET-DECOR-KIT-001/export/SM_Decor.fbx,/Game/Meshes/SM/Decor,,0,,in_progress,
ASSET-MARKERS-001,marker,,нет — с нуля (D-06); семь отдельных FBX-кандидатов в export/ по 04 §3.8; см. blender/ASSET-MARKERS-001/README.md; UE приёмка открыта,blender/ASSET-MARKERS-001/markers.blend,blender/ASSET-MARKERS-001/export/,/Game/Meshes/SM/Markers,,probe-v1,C377110BAC5B955DB34BE847CA237101F1F09C4823DB164D57669EDE1EBF533E,in_progress,
ASSET-PROPS-CARDS-001,prop,,2D-арты public/assets/decks после синка (D-09); семейство SM_Prop_CardFace / SM_Prop_CardBack,blender/ASSET-PROPS-CARDS-001/props-cards.blend,blender/ASSET-PROPS-CARDS-001/export/SM_Prop_Card.fbx,/Game/Meshes/SM/Props,,0,,planned,
UI-FONT,UI,,docs/game-design/02-ux-ui-spec.md (семейство UI-FONT; кириллица+латиница D-08),,,/Game/UI/Fonts/FONT_Main,normal/bold,0,,planned,
UI-ICON-ACTION,UI,,docs/game-design/02-ux-ui-spec.md (семейство UI-ICON-ACTION),,,/Game/UI/Icons/Action,states x3 (обычный/активный/недоступный),0,,planned,
UI-ICON-RESOURCE,UI,,docs/game-design/02-ux-ui-spec.md (семейство UI-ICON-RESOURCE),,,/Game/UI/Icons/Resource,states x5,0,,planned,
UI-ICON-ZONE,UI,,docs/game-design/02-ux-ui-spec.md (семейство UI-ICON-ZONE; полный набор 12 зон — на MVP-доске присутствуют 5: blue green yellow purple red; сверить после спайка геометрии — TASK-012),,,/Game/UI/Icons/Zone,per-zone (12 глифов),0,,planned,
UI-CARD-FRAME,UI,,docs/game-design/02-ux-ui-spec.md (семейство UI-CARD-FRAME; состояния normal/hover/selected/disabled/focus + длинные RU-названия D-08),,,/Game/UI/Cards/T_CardFrame,states x5,0,,planned,
UI-CARD-BACK,UI,,docs/game-design/02-ux-ui-spec.md (семейство UI-CARD-BACK),,,/Game/UI/Cards/T_CardBack,,0,,planned,
UI-PANEL,UI,,docs/game-design/02-ux-ui-spec.md (семейство UI-PANEL; зоны растяжения по брифу §7.4),,,/Game/UI/Panels/T_Panel,variants,0,,planned,
UI-BUTTON,UI,,docs/game-design/02-ux-ui-spec.md (семейство UI-BUTTON; все 6 состояний обязательны),,,/Game/UI/Buttons/T_Button,states x6 (normal/hover/pressed/disabled/focus/selected),0,,planned,
UI-CURSOR,UI,,docs/game-design/02-ux-ui-spec.md (семейство UI-CURSOR: default/выбор/атака/загрузка),,,/Game/UI/Cursors/T_Cursor,modes x4,0,,planned,
UI-LOADER,UI,,docs/game-design/02-ux-ui-spec.md (семейство UI-LOADER),,,/Game/UI/Loader/T_Loader,variants,0,,planned,
M-DIORAMA-MASTER,material,,-; общий master material (BaseColor/Normal/ORM/TeamColor/Emissive — 04 §1); факт: мастера /Game/UM/Materials (M_UM_Figure_v2.1 с TeamAccent — docs/art-pipeline/material-library/m-um-figure-v2.md),blender/_shared/materials.blend,,/Game/Materials/M_DioramaMaster,,0,,in_progress,
M-HIGHLIGHT-GAMELAYER,material,,-; материал подсветок клеток/целей (03 §6; цвет+пульс параметрами),blender/_shared/materials.blend,,/Game/Materials/M_HighlightGameLayer,,0,,planned,
M-CARD-PLANE,material,,-; материал плоскости карты с параметром-артом (04 §3.9; D-09),blender/_shared/materials.blend,,/Game/Materials/M_CardPlane,,0,,planned,
ASSET-CARDART-MEDUSA-A-MOMENTARY-GLANCE,cardArt,medusa:a-momentary-glance,"scraped-data/derived/ue-media-v1/cards/medusa/a-momentary-glance.{en,ru}.png (CP-01 convert_card_media.py, art/cards-v1/media-convert-report.json; scrape scraped-data/api/heroes/medusa.json) -> tools/art/cards/ue_import_card_media.py (CP-02; VS-3 CP-04); textures gitignored (GAP-019 / ENV-U3)",,,/Game/S08/UI/Cards/medusa/T_Card_medusa_a_momentary_glance_EN,EN+RU (RU: T_Card_medusa_a_momentary_glance_RU),1,4c24287424e3727b559ed3302057fe5dbe862a7c046c0f08b6a30b01471390e1,imported,UI-CARD-FRAME
ASSET-CARDART-MEDUSA-CLUTCHING-CLAWS,cardArt,medusa:clutching-claws,"scraped-data/derived/ue-media-v1/cards/medusa/clutching-claws.{en,ru}.png (CP-01 convert_card_media.py, art/cards-v1/media-convert-report.json; scrape scraped-data/api/heroes/medusa.json) -> tools/art/cards/ue_import_card_media.py (CP-02; VS-3 CP-04); textures gitignored (GAP-019 / ENV-U3)",,,/Game/S08/UI/Cards/medusa/T_Card_medusa_clutching_claws_EN,EN+RU (RU: T_Card_medusa_clutching_claws_RU),1,5aed2c5e3ca5a393b2f52d3e517c999223ca9bc6740b986015b5cc79df895326,imported,UI-CARD-FRAME
ASSET-CARDART-MEDUSA-DASH,cardArt,medusa:dash,"scraped-data/derived/ue-media-v1/cards/medusa/dash.{en,ru}.png (CP-01 convert_card_media.py, art/cards-v1/media-convert-report.json; scrape scraped-data/api/heroes/medusa.json) -> tools/art/cards/ue_import_card_media.py (CP-02; VS-3 CP-04); textures gitignored (GAP-019 / ENV-U3)",,,/Game/S08/UI/Cards/medusa/T_Card_medusa_dash_EN,EN+RU (RU: T_Card_medusa_dash_RU),1,5af1537b2efc6e32396f7cd4294575ccf5b27e71bdc09b71f5bd7d8719aa74c4,imported,UI-CARD-FRAME
ASSET-CARDART-MEDUSA-FEINT,cardArt,medusa:feint,"scraped-data/derived/ue-media-v1/cards/medusa/feint.{en,ru}.png (CP-01 convert_card_media.py, art/cards-v1/media-convert-report.json; scrape scraped-data/api/heroes/medusa.json) -> tools/art/cards/ue_import_card_media.py (CP-02; VS-3 CP-04); textures gitignored (GAP-019 / ENV-U3)",,,/Game/S08/UI/Cards/medusa/T_Card_medusa_feint_EN,EN+RU (RU: T_Card_medusa_feint_RU),1,93550afdea267f529b021ff9c7461b6f6e1f0cc541f56ee309e2a3886efa4975,imported,UI-CARD-FRAME
ASSET-CARDART-MEDUSA-GAZE-OF-STONE,cardArt,medusa:gaze-of-stone,"scraped-data/derived/ue-media-v1/cards/medusa/gaze-of-stone.{en,ru}.png (CP-01 convert_card_media.py, art/cards-v1/media-convert-report.json; scrape scraped-data/api/heroes/medusa.json) -> tools/art/cards/ue_import_card_media.py (CP-02; VS-3 CP-04); textures gitignored (GAP-019 / ENV-U3)",,,/Game/S08/UI/Cards/medusa/T_Card_medusa_gaze_of_stone_EN,EN+RU (RU: T_Card_medusa_gaze_of_stone_RU),1,8709d7cc9b232abd619837f8dd06672d2ad331b2918b815a7152fe8581392f01,imported,UI-CARD-FRAME
ASSET-CARDART-MEDUSA-HISS-AND-SLITHER,cardArt,medusa:hiss-and-slither,"scraped-data/derived/ue-media-v1/cards/medusa/hiss-and-slither.{en,ru}.png (CP-01 convert_card_media.py, art/cards-v1/media-convert-report.json; scrape scraped-data/api/heroes/medusa.json) -> tools/art/cards/ue_import_card_media.py (CP-02; VS-3 CP-04); textures gitignored (GAP-019 / ENV-U3)",,,/Game/S08/UI/Cards/medusa/T_Card_medusa_hiss_and_slither_EN,EN+RU (RU: T_Card_medusa_hiss_and_slither_RU),1,a16a1c8a6354a75bdd41e400a46e487c5d01c1ac44d9e2af3d230c87d9b060b0,imported,UI-CARD-FRAME
ASSET-CARDART-MEDUSA-REGROUP,cardArt,medusa:regroup,"scraped-data/derived/ue-media-v1/cards/medusa/regroup.{en,ru}.png (CP-01 convert_card_media.py, art/cards-v1/media-convert-report.json; scrape scraped-data/api/heroes/medusa.json) -> tools/art/cards/ue_import_card_media.py (CP-02; VS-3 CP-04); textures gitignored (GAP-019 / ENV-U3)",,,/Game/S08/UI/Cards/medusa/T_Card_medusa_regroup_EN,EN+RU (RU: T_Card_medusa_regroup_RU),1,a5697efbb97e403f23e0de3509c86fea6a4403fcd755eec5804f58871b3724c5,imported,UI-CARD-FRAME
ASSET-CARDART-MEDUSA-SECOND-SHOT,cardArt,medusa:second-shot,"scraped-data/derived/ue-media-v1/cards/medusa/second-shot.{en,ru}.png (CP-01 convert_card_media.py, art/cards-v1/media-convert-report.json; scrape scraped-data/api/heroes/medusa.json) -> tools/art/cards/ue_import_card_media.py (CP-02; VS-3 CP-04); textures gitignored (GAP-019 / ENV-U3)",,,/Game/S08/UI/Cards/medusa/T_Card_medusa_second_shot_EN,EN+RU (RU: T_Card_medusa_second_shot_RU),1,54ab79fe15cd97bc51f1a011e0dcb5a9e38ce0e5fb821382a59807aec3d813e5,imported,UI-CARD-FRAME
ASSET-CARDART-MEDUSA-SNIPE,cardArt,medusa:snipe,"scraped-data/derived/ue-media-v1/cards/medusa/snipe.{en,ru}.png (CP-01 convert_card_media.py, art/cards-v1/media-convert-report.json; scrape scraped-data/api/heroes/medusa.json) -> tools/art/cards/ue_import_card_media.py (CP-02; VS-3 CP-04); textures gitignored (GAP-019 / ENV-U3)",,,/Game/S08/UI/Cards/medusa/T_Card_medusa_snipe_EN,EN+RU (RU: T_Card_medusa_snipe_RU),1,2249234cc0b9288d0f3454a6c6278fd10ee3e67ee6a6bc11543339914601b93e,imported,UI-CARD-FRAME
ASSET-CARDART-MEDUSA-THE-HOUNDS-OF-MIGHTY-ZEUS,cardArt,medusa:the-hounds-of-mighty-zeus,"scraped-data/derived/ue-media-v1/cards/medusa/the-hounds-of-mighty-zeus.{en,ru}.png (CP-01 convert_card_media.py, art/cards-v1/media-convert-report.json; scrape scraped-data/api/heroes/medusa.json) -> tools/art/cards/ue_import_card_media.py (CP-02; VS-3 CP-04); textures gitignored (GAP-019 / ENV-U3)",,,/Game/S08/UI/Cards/medusa/T_Card_medusa_the_hounds_of_mighty_zeus_EN,EN+RU (RU: T_Card_medusa_the_hounds_of_mighty_zeus_RU),1,e8007308576e5ad38a6bd4982b999d057f986a4fd1bd96d07cb681d4f73e2e66,imported,UI-CARD-FRAME
ASSET-CARDART-MEDUSA-WINGED-FRENZY,cardArt,medusa:winged-frenzy,"scraped-data/derived/ue-media-v1/cards/medusa/winged-frenzy.{en,ru}.png (CP-01 convert_card_media.py, art/cards-v1/media-convert-report.json; scrape scraped-data/api/heroes/medusa.json) -> tools/art/cards/ue_import_card_media.py (CP-02; VS-3 CP-04); textures gitignored (GAP-019 / ENV-U3)",,,/Game/S08/UI/Cards/medusa/T_Card_medusa_winged_frenzy_EN,EN+RU (RU: T_Card_medusa_winged_frenzy_RU),1,2a41c909e84ad783bdce80b2c66787f34857ad2ef67a156eccf063be862477b5,imported,UI-CARD-FRAME
ASSET-CARDART-KING-ARTHUR-AID-THE-CHOSEN-ONE,cardArt,king-arthur:aid-the-chosen-one,"scraped-data/derived/ue-media-v1/cards/king-arthur/aid-the-chosen-one.{en,ru}.png (CP-01 convert_card_media.py, art/cards-v1/media-convert-report.json; scrape scraped-data/api/heroes/king-arthur.json) -> tools/art/cards/ue_import_card_media.py (CP-02; VS-3 CP-03); textures gitignored (GAP-019 / ENV-U3)",,,/Game/S08/UI/Cards/king_arthur/T_Card_king_arthur_aid_the_chosen_one_EN,EN+RU (RU: T_Card_king_arthur_aid_the_chosen_one_RU),1,d6a1f8b90801adfd091ae817e5bf4b87141f8935263eab5071c02e74e29ab66b,imported,UI-CARD-FRAME
ASSET-CARDART-KING-ARTHUR-BEWILDERMENT,cardArt,king-arthur:bewilderment,"scraped-data/derived/ue-media-v1/cards/king-arthur/bewilderment.{en,ru}.png (CP-01 convert_card_media.py, art/cards-v1/media-convert-report.json; scrape scraped-data/api/heroes/king-arthur.json) -> tools/art/cards/ue_import_card_media.py (CP-02; VS-3 CP-03); textures gitignored (GAP-019 / ENV-U3)",,,/Game/S08/UI/Cards/king_arthur/T_Card_king_arthur_bewilderment_EN,EN+RU (RU: T_Card_king_arthur_bewilderment_RU),1,41cebe3c8d7661c51b90fef025785b61e2bdf996a971dd02c99745e5d0ee2b22,imported,UI-CARD-FRAME
ASSET-CARDART-KING-ARTHUR-COMMAND-THE-STORMS,cardArt,king-arthur:command-the-storms,"scraped-data/derived/ue-media-v1/cards/king-arthur/command-the-storms.{en,ru}.png (CP-01 convert_card_media.py, art/cards-v1/media-convert-report.json; scrape scraped-data/api/heroes/king-arthur.json) -> tools/art/cards/ue_import_card_media.py (CP-02; VS-3 CP-03); textures gitignored (GAP-019 / ENV-U3)",,,/Game/S08/UI/Cards/king_arthur/T_Card_king_arthur_command_the_storms_EN,EN+RU (RU: T_Card_king_arthur_command_the_storms_RU),1,3bac404719263263ac4c431c7c2f2edc1b4c6f4974986bd617c7c47705fddb42,imported,UI-CARD-FRAME
ASSET-CARDART-KING-ARTHUR-DIVINE-INTERVENTION,cardArt,king-arthur:divine-intervention,"scraped-data/derived/ue-media-v1/cards/king-arthur/divine-intervention.{en,ru}.png (CP-01 convert_card_media.py, art/cards-v1/media-convert-report.json; scrape scraped-data/api/heroes/king-arthur.json) -> tools/art/cards/ue_import_card_media.py (CP-02; VS-3 CP-03); textures gitignored (GAP-019 / ENV-U3)",,,/Game/S08/UI/Cards/king_arthur/T_Card_king_arthur_divine_intervention_EN,EN+RU (RU: T_Card_king_arthur_divine_intervention_RU),1,f72da31a6e4cd4b8f42156f968bb6582d064944e171669b67b709ea24ac2a66b,imported,UI-CARD-FRAME
ASSET-CARDART-KING-ARTHUR-EXCALIBUR,cardArt,king-arthur:excalibur,"scraped-data/derived/ue-media-v1/cards/king-arthur/excalibur.{en,ru}.png (CP-01 convert_card_media.py, art/cards-v1/media-convert-report.json; scrape scraped-data/api/heroes/king-arthur.json) -> tools/art/cards/ue_import_card_media.py (CP-02; VS-3 CP-03); textures gitignored (GAP-019 / ENV-U3)",,,/Game/S08/UI/Cards/king_arthur/T_Card_king_arthur_excalibur_EN,EN+RU (RU: T_Card_king_arthur_excalibur_RU),1,e330bfc50067194bc7e2456c13bd69b6b7af6f63e20a92986adffaf133340047,imported,UI-CARD-FRAME
ASSET-CARDART-KING-ARTHUR-FEINT,cardArt,king-arthur:feint,"scraped-data/derived/ue-media-v1/cards/king-arthur/feint.{en,ru}.png (CP-01 convert_card_media.py, art/cards-v1/media-convert-report.json; scrape scraped-data/api/heroes/king-arthur.json) -> tools/art/cards/ue_import_card_media.py (CP-02; VS-3 CP-03); textures gitignored (GAP-019 / ENV-U3)",,,/Game/S08/UI/Cards/king_arthur/T_Card_king_arthur_feint_EN,EN+RU (RU: T_Card_king_arthur_feint_RU),1,5d4d04f67979be53256fa798fd184b5a3f6bc0ba66021faa625f681533f90d77,imported,UI-CARD-FRAME
ASSET-CARDART-KING-ARTHUR-MOMENTOUS-SHIFT,cardArt,king-arthur:momentous-shift,"scraped-data/derived/ue-media-v1/cards/king-arthur/momentous-shift.{en,ru}.png (CP-01 convert_card_media.py, art/cards-v1/media-convert-report.json; scrape scraped-data/api/heroes/king-arthur.json) -> tools/art/cards/ue_import_card_media.py (CP-02; VS-3 CP-03); textures gitignored (GAP-019 / ENV-U3)",,,/Game/S08/UI/Cards/king_arthur/T_Card_king_arthur_momentous_shift_EN,EN+RU (RU: T_Card_king_arthur_momentous_shift_RU),1,4a21e75a050b4b2a6b79c56ecc57df3811fb616f932b71eaa384c0d4c65a3302,imported,UI-CARD-FRAME
ASSET-CARDART-KING-ARTHUR-NOBLE-SACRIFICE,cardArt,king-arthur:noble-sacrifice,"scraped-data/derived/ue-media-v1/cards/king-arthur/noble-sacrifice.{en,ru}.png (CP-01 convert_card_media.py, art/cards-v1/media-convert-report.json; scrape scraped-data/api/heroes/king-arthur.json) -> tools/art/cards/ue_import_card_media.py (CP-02; VS-3 CP-03); textures gitignored (GAP-019 / ENV-U3)",,,/Game/S08/UI/Cards/king_arthur/T_Card_king_arthur_noble_sacrifice_EN,EN+RU (RU: T_Card_king_arthur_noble_sacrifice_RU),1,5855b58287353d3ed1bec67fd2ff23902103f94f46302aa3994c65c714bffa32,imported,UI-CARD-FRAME
ASSET-CARDART-KING-ARTHUR-PROPHECY,cardArt,king-arthur:prophecy,"scraped-data/derived/ue-media-v1/cards/king-arthur/prophecy.{en,ru}.png (CP-01 convert_card_media.py, art/cards-v1/media-convert-report.json; scrape scraped-data/api/heroes/king-arthur.json) -> tools/art/cards/ue_import_card_media.py (CP-02; VS-3 CP-03); textures gitignored (GAP-019 / ENV-U3)",,,/Game/S08/UI/Cards/king_arthur/T_Card_king_arthur_prophecy_EN,EN+RU (RU: T_Card_king_arthur_prophecy_RU),1,13c769e262fb01e2ebb0e3c9dc17cf64dce3051079015a43c1924aa368e1018c,imported,UI-CARD-FRAME
ASSET-CARDART-KING-ARTHUR-REGROUP,cardArt,king-arthur:regroup,"scraped-data/derived/ue-media-v1/cards/king-arthur/regroup.{en,ru}.png (CP-01 convert_card_media.py, art/cards-v1/media-convert-report.json; scrape scraped-data/api/heroes/king-arthur.json) -> tools/art/cards/ue_import_card_media.py (CP-02; VS-3 CP-03); textures gitignored (GAP-019 / ENV-U3)",,,/Game/S08/UI/Cards/king_arthur/T_Card_king_arthur_regroup_EN,EN+RU (RU: T_Card_king_arthur_regroup_RU),1,aa29adf3fe2ba4d3c222bb60d257fb5459e6e2be1fcd9892cbda004a42da9e93,imported,UI-CARD-FRAME
ASSET-CARDART-KING-ARTHUR-RESTLESS-SPIRITS,cardArt,king-arthur:restless-spirits,"scraped-data/derived/ue-media-v1/cards/king-arthur/restless-spirits.{en,ru}.png (CP-01 convert_card_media.py, art/cards-v1/media-convert-report.json; scrape scraped-data/api/heroes/king-arthur.json) -> tools/art/cards/ue_import_card_media.py (CP-02; VS-3 CP-03); textures gitignored (GAP-019 / ENV-U3)",,,/Game/S08/UI/Cards/king_arthur/T_Card_king_arthur_restless_spirits_EN,EN+RU (RU: T_Card_king_arthur_restless_spirits_RU),1,238f2bf6f0ad053f27722950024842639a4088c76a5947c1ccd5876b5732e575,imported,UI-CARD-FRAME
ASSET-CARDART-KING-ARTHUR-SKIRMISH,cardArt,king-arthur:skirmish,"scraped-data/derived/ue-media-v1/cards/king-arthur/skirmish.{en,ru}.png (CP-01 convert_card_media.py, art/cards-v1/media-convert-report.json; scrape scraped-data/api/heroes/king-arthur.json) -> tools/art/cards/ue_import_card_media.py (CP-02; VS-3 CP-03); textures gitignored (GAP-019 / ENV-U3)",,,/Game/S08/UI/Cards/king_arthur/T_Card_king_arthur_skirmish_EN,EN+RU (RU: T_Card_king_arthur_skirmish_RU),1,03996d4fd43a1df34fba7118ed37e5e20c693593d22a00b6fdd8fbc69f4e337b,imported,UI-CARD-FRAME
ASSET-CARDART-KING-ARTHUR-SWIFT-STRIKE,cardArt,king-arthur:swift-strike,"scraped-data/derived/ue-media-v1/cards/king-arthur/swift-strike.{en,ru}.png (CP-01 convert_card_media.py, art/cards-v1/media-convert-report.json; scrape scraped-data/api/heroes/king-arthur.json) -> tools/art/cards/ue_import_card_media.py (CP-02; VS-3 CP-03); textures gitignored (GAP-019 / ENV-U3)",,,/Game/S08/UI/Cards/king_arthur/T_Card_king_arthur_swift_strike_EN,EN+RU (RU: T_Card_king_arthur_swift_strike_RU),1,b9a547154217a462b87b005d324ad1ea3b1e233cadecdc6cbf6f09d844ae22aa,imported,UI-CARD-FRAME
ASSET-CARDART-KING-ARTHUR-THE-AID-OF-MORGANA,cardArt,king-arthur:the-aid-of-morgana,"scraped-data/derived/ue-media-v1/cards/king-arthur/the-aid-of-morgana.{en,ru}.png (CP-01 convert_card_media.py, art/cards-v1/media-convert-report.json; scrape scraped-data/api/heroes/king-arthur.json) -> tools/art/cards/ue_import_card_media.py (CP-02; VS-3 CP-03); textures gitignored (GAP-019 / ENV-U3)",,,/Game/S08/UI/Cards/king_arthur/T_Card_king_arthur_the_aid_of_morgana_EN,EN+RU (RU: T_Card_king_arthur_the_aid_of_morgana_RU),1,40e7367d6134485fc58059c1be05f8eed593b2a4ab835284182b46a7c1765ec4,imported,UI-CARD-FRAME
ASSET-CARDART-KING-ARTHUR-THE-HOLY-GRAIL,cardArt,king-arthur:the-holy-grail,"scraped-data/derived/ue-media-v1/cards/king-arthur/the-holy-grail.{en,ru}.png (CP-01 convert_card_media.py, art/cards-v1/media-convert-report.json; scrape scraped-data/api/heroes/king-arthur.json) -> tools/art/cards/ue_import_card_media.py (CP-02; VS-3 CP-03); textures gitignored (GAP-019 / ENV-U3)",,,/Game/S08/UI/Cards/king_arthur/T_Card_king_arthur_the_holy_grail_EN,EN+RU (RU: T_Card_king_arthur_the_holy_grail_RU),1,51a41df63b7212e2f062358a508b05a692f9cf8c26c50f1dec2e46b50c5a4e6b,imported,UI-CARD-FRAME
ASSET-CARDART-KING-ARTHUR-THE-LADY-OF-THE-LAKE,cardArt,king-arthur:the-lady-of-the-lake,"scraped-data/derived/ue-media-v1/cards/king-arthur/the-lady-of-the-lake.{en,ru}.png (CP-01 convert_card_media.py, art/cards-v1/media-convert-report.json; scrape scraped-data/api/heroes/king-arthur.json) -> tools/art/cards/ue_import_card_media.py (CP-02; VS-3 CP-03); textures gitignored (GAP-019 / ENV-U3)",,,/Game/S08/UI/Cards/king_arthur/T_Card_king_arthur_the_lady_of_the_lake_EN,EN+RU (RU: T_Card_king_arthur_the_lady_of_the_lake_RU),1,a85c8ac2fa168bcdd6ee69ca80d25ae7370b8ec4df1cba6fca741b4d6b9da845,imported,UI-CARD-FRAME
