cueId,event,triggerCondition,object,animation,vfx,sound,durationMs,feedbackDelayMs,blocksInput,skippable,onNewEvent,onReconnect,fallback,relatedQa
CUE-001,Наведение (hover) на фигурку/клетку,курсор над объектом выбора без клика,фигурка; клетка,нет (статик-объект; риг не тратим),тонкий rim-контур + смена курсора (UI-CURSOR),ui: короткий тик (группа ui; приоритет 3; не чаще 1/150 мс),150,0,no,yes,контур мгновенно переходит на новый объект,не ставится в очередь (не является отложенным эффектом),нет ассета: без контура и звука + Warning-лог,10-acceptance-tests.md: читаемость с обзорной камеры
CUE-002,Выбор своей фигурки,клик по своему бойцу (в свой ход или для просмотра),фигурка + ASSET-MARKERS-001,нет skeletal-клипа (выбор = маркер; риг не тратим),кольцо выделения SM_Marker_SelectionRing + подсветка подставки (цвет команды 03 С-11),ui: клик (группа ui; приоритет 2),250,0,no,yes,перевыбор мгновенно переносит кольцо; отмена — кольцо гаснет за 150 мс,не проигрывается заново; выделение восстанавливается только действием игрока,кольцо заменить debug-цилиндром + лог,10-acceptance-tests.md: выбор объектов и отправка действия
CUE-003,Допустимый выбор (подтверждение клетки/цели),клик по подсвеченной клетке хода или рамке-прицелу цели,клетка; цель; маркер,сжатие кольца/заливки на подтверждаемом объекте (материал M_HighlightGameLayer),подсветка гаснет с подтверждением; для атаки — рамка цели фиксируется до итога боя,ui: подтверждение (группа ui; приоритет 1),250,0,no,yes,новое допустимое выборочное состояние заменяет прежнее,не проигрывается заново; состояние = из boardState,без анимации: состояние применяется сразу + лог,10-acceptance-tests.md: манёвр/атака расходуют действие только после подтверждения сервера (P4)
CUE-004,Недопустимый выбор,клик по недоступной клетке/цели/кнопке (P2: причина обязательна),курсор; целевой объект; HUD-подсказка,микро-встряска курсора 150 мс,иконка «стоп» (UI-ICON-ACTION) + всплывающая причина: «не ваш ход» / «нет действия» / «недостижимо»,ui: отказ (группа ui; приоритет 1; не чаще 1 раза в 300 мс),350,0,no,yes,новый отказ перезапускает иконку; текст причины заменяется,не проигрывается заново,текст причины без звука и иконки,10-acceptance-tests.md: объяснение недоступности вне своего хода
CUE-005,Взятие карты,добор: старт руки 5 карт; после манёвра; эффекты draw (ФАКТ docs/backend-api/05 §A.3/§9.1),виджет карты (UMG) от зоны колоды в руку,полёт виджета (UI-слой; не 3D),лёгкий след карты,ui+sfx: шелест карты (группа sfx; приоритет 2; ≤2 одновременных),350,0,no,yes,серия доборов летит каскадом без очереди ожидания,пропущенные доборы НЕ проигрываются — сразу финальная рука,карта появляется в руке без полёта + лог,10-acceptance-tests.md: скрытая рука соперника не раскрывается
CUE-006,Розыгрыш карты,карта отправлена серверу (атака/защита/схема) и принята,ASSET-PROPS-CARDS-001 (плоскость с 2D-артом D-09),появление карты-плоскости над подносом: подъём+поворот (статик-движение актора в UE),мягкое свечение рамки карты,ui+sfx: розыгрыш (группа sfx; приоритет 1),500,100,no,yes,новая карта боя заменяет показанную,старые розыгрыши не показываются; только текущая фаза,рамка UI-CARD-FRAME в HUD вместо 3D-карты,10-acceptance-tests.md: карта не раскрывается сопернику раньше разрешения сервера
CUE-007,Перемещение (манёвр/эффект MOVE-PLACE),сервер подтвердил перемещение бойца (path в результате мутации),актор фигурки по пути клеток,скольжение (interpolate) по клеткам — НЕ скелетная анимация (D-11: перемещение плавным скольжением),маркер следа на промежуточных клетках + пыль на конечной,sfx: шаги — 1 тик на клетку (группа sfx; приоритет 3; ≤1 одновременного),280*N где N=клеток пути (280 мс на клетку — веб-референс ФАКТ facts-web-ux; ввод не блокируется),0,no (ввод не блокируется: результат уже подтверждён — P3),yes,прыжок к финальной позиции; старый путь отменяется,фигурка сразу в финальной позиции без прокрутки пути,телепорт + лог,10-acceptance-tests.md: повторный клик не создаёт второе действие; дедуп HTTP/WS по sequenceNumber
CUE-008,Объявление атаки,фаза COMBAT после executeAttack (metadata.combatInfo),атакующий; цель,атакующий: клип LungeAttack (выпад без root-смещения; skeletal D-11),рамка-прицел SM_Marker_TargetRing на цели + вспышка направления,sfx: анонс атаки (группа sfx; приоритет 1),600,150,yes (600 мс < 1 с — единственная умышленная пауза-внимания),yes,следующее событие боя обрывает клип и переходит дальше,анонс не повторяется; сразу текущая фаза боя,без клипа: рамка цели + звук; фигурка статична,10-acceptance-tests.md: атака/защита видны правильному игроку
CUE-009,Защита сыграна,защитник подтвердил playDefense (+опц. буст),защитник; его карта-плоскость,фигурка защитника: лёгкий пульс масштаба (материал) — отдельного клипа «блок» в лёгком риге нет (D-11); карта защиты — как CUE-006,мерцание «щита» на цели защиты,sfx: щит (группа sfx; приоритет 2),500,150,no,yes,резолв боя заменяет,входит в сцену боя только если бой ещё идёт,без звука: только визуальный пульс,10-acceptance-tests.md: окно защиты 30 с (ФАКТ DEFAULT_DEFENSE_TIMEOUT) с видимым таймером
CUE-010,Раскрытие и резолв боя,executeResolveCombat подтверждён; итог в combatSummary,обе карты-плоскости; HUD значений,карты встречаются над центром доски и переворачиваются значениями (статик-движение акторов),слэм-вспышка значений атаки/защиты в HUD,sfx: барабан раскрытия (группа sfx; приоритет 1),800,200,yes (800 мс < 1 с),yes,итог урона сразу продолжает следующим CUE,старые резолвы не проигрываются; только финальные значения,текстовые значения в HUD без 3D-карт,10-acceptance-tests.md: один результат боя не показывается дважды из HTTP и подписки
CUE-011,Урон,health уменьшился (combatSummary/эффект/способность),фигурка-цель,клип HitReact — вздрагивание (skeletal D-11),вспышка красного + всплывающая «−N» над фигуркой (900 мс — веб-референс ФАКТ facts-web-ux: showDamage 900 мс),sfx: удар (группа sfx; приоритет 1; ≤2 одновременных),900,200,yes (900 мс < 1 с),yes,новый урон перезапускает цифру (старая гаснет за 100 мс),старые уроны не проигрываются; HUD показывает актуальный health,цифра без звука и без клипа (манекен: только цифра),10-acceptance-tests.md: смерть после урона; победа фиксируется сервером (P4)
CUE-012,Лечение,health увеличился (эффект карты/способности),фигурка-цель,лёгкий пульс масштаба вверх (материал; клипа нет и не нужно),зелёные частицы + всплывающая «+N»,sfx: исцеление (группа sfx; приоритет 2),700,200,no,yes,перезапуск цифры,аналогично CUE-011: только актуальный health,цифра без частиц и звука,10-acceptance-tests.md: HP не превышает maxHealth (значения — только сервер)
CUE-013,Смерть фигурки,fighter.isDefeated после боя/способности,фигурка; её подставка и маркеры,клип DeathSettle — оседание (skeletal D-11) + fade-out материала,«дым/пепел» от фигурки; кольца гаснут; подставка убирается,sfx: глухой удар растворения (группа sfx; приоритет 1),950,200,yes (950 мс < 1 с),yes,следующее событие скрывает фигурку мгновенно,павшей фигурки просто нет; очередь не проигрывается,мгновенное скрытие фигурки + лог,10-acceptance-tests.md: смерть помощника с 1 HP (гарпии); гибель героя = конец партии
CUE-014,Способность героя,Arthur: Holy Avenger при бусте атаки (ФАКТ docs/backend-api/08 §2.27 allowsAttackBoost); Medusa: Petrifying Gaze — авто-урон 1 в начале хода (ФАКТ 08 §2.18; поведение generic-обработчика в живой партии ТРЕБУЕТ ПРОВЕРКИ — 00 §10 п.7),носитель способности; цель,Arthur: свечение меча (сокет Weapon); Medusa: «окаменяющий» луч/трещины на цели (сокет Head),Arthur: свечение оружия; Medusa: короткий «петрификейт»-шейдер цели,sfx: способность (группа sfx; приоритет 1),800,200,yes (800 мс < 1 с),yes,новое срабатывание заменяет визуал,срабатывания не повторяются; эффект = финальное состояние,иконка способности в HUD без VFX и звука,10-acceptance-tests.md: клиент не считает эффект способностей сам (P4); задача проверки Medusa — 11-open-questions-and-risks.md
CUE-015,Следующий ход,turnChanged / advanceTurn: фаза ACTION_MANEUVER у нового игрока; actionsRemaining=2 (ФАКТ ACTIONS_PER_TURN),HUD; кромка поля со стороны активного игрока,баннер хода; фигурки остаются в Idle (спец-позы не вводим),тёплая пульсирующая кромка стороны активного игрока,ui: перезвон хода (группа ui; приоритет 2),600,0,no,yes,замена баннера (без накопления),баннер текущего хода без анимации,текст в HUD без анимации,10-acceptance-tests.md: остаток действий хода виден и совпадает с сервером
CUE-016,Победа/поражение,phase=GAME_OVER (winnerId установлен сервером),вся сцена; экран результата,перекрытие результата; фигурки — Idle/остаточные позы (без победных танцев в MVP),свет: тёплеет при победе / холодеет при поражении (постпроцесс; камера НЕ двигается — D-10); виньетка усиливается,music: переход в стейт результата (кроссфейд 1 с; fanfare при победе / somber при поражении),1500,200,yes (ввод партии закрыт терминальным состоянием),yes,терминальное событие; новых боевых нет,при реконнекте в GAME_OVER — сразу экран результата без проигрывания,текстовый экран результата в тишине,10-acceptance-tests.md: завершение ввода и понятный выход; leaveGame после GAME_OVER (план docs/unreal/08)
CUE-017,Разрыв связи,connectionStatus = disconnected/reconnecting (таймаут транспорта),HUD-индикатор; сцена,пауза skeletal-анимаций (Idle замирает); маркеры не гаснут,постпроцесс: десатурация сцены ~30 %; индикатор связи (UI-ICON-ACTION),ui: мягкий сигнал потери (группа ui; приоритет 1; не чаще 1 раза в 5 с); музыка -50 % громкости,0 (немедленно),0,no (мутации недоступны и так; просмотр разрешён),n/a (длящееся состояние; пропускается само восстановлением),n/a (повторных триггеров нет — индикатор уже висит),при восстановлении — сразу CUE-018,без постпроцесса: только HUD-индикатор + лог,10-acceptance-tests.md: отключение после отправки действия и возврат без повторного расхода карт
CUE-018,Восстановление связи,подписка восстановлена; состояние догнано (сверка по sequenceNumber),вся сцена; тост-резюме,все фигурки/HP/фаза/рука = финальное состояние (без промежуточных проигрываний),короткий тост «позиции обновлены (пропущено N событий)» — единственный резюмирующий тик,music: возврат громкости (кроссфейд 1 с); ui: тик восстановления (приоритет 2),800,0,no,yes,новые события после синхронизации играются в обычном режиме,правило пакета: старая очередь CUE НЕ проигрывается заново — только финальное состояние + этот тик,без тоста: только визуальное состояние + лог,10-acceptance-tests.md: повторное подключение не проигрывает урон/анимации дважды (дедуп по sequenceNumber)
