id,sprint,title,owner,priority,estimate_days,status,depends_on,source_ids,acceptance_ids,deliverable,acceptance
DE-001,S10,Живое исследование DE и решения D-DE-01…12,DEV,P1,0,done,,R-01;R-02;R-03;R-04;R-05;R-06;R-07;R-08;R-09;R-10;R-11;R-12;R-13;R-14;R-15;D-DE-01;D-DE-02;D-DE-03;D-DE-05;D-DE-12,,"live-2026-10-04/README.md, timings-live.csv, APPROXIMATION.md; 01 «Окончательные решения» F-01…F-12; 02 SD-41…SD-55 (не применены)",Сделано 2026-10-04 (серии s01–s05); трудозатраты не планируются. Каждое число со ссылкой на сессию и время видео; решения D-DE-01/02/03/05/12 записаны с обоснованием в 01
DE-002,S10,Ревью Fable High пакета DE и резолюция спорных пунктов,DEV,P1,0.25,done,DE-001,D-DE-01;D-DE-02;D-DE-03;D-DE-05;D-DE-07;D-DE-09;D-DE-10;D-DE-12;SD-42;SD-44;SD-46;SD-48;SD-50,G-DOC,"Резолюция в 01 («Резолюция ревью»), 02 («Резолюция ревью», SD-56), 07-sprint-plan.md §6 и APPROXIMATION §0.4/§15; журнал task/runs/REVIEW-2026-10-04-fable.md; правки DE-задач этого CSV","Сделано 2026-10-04 (Fable High, один проход). Каждый пункт 01 «Спорно» (9), 02 «Спорно» (6), APPROXIMATION §15 (15) и 07 §6 (12) получил решение с основанием; расхождения APPROXIMATION с 01 сведены к 01 (600 мс на строку; помощник 1725; метка исхода ~1500; «−N» 900); MS-Q-04 не обойдён (высота подскока >0 только по слову пользователя, лист A/B DE-028); 7 ключевых чисел перемерены по видео"
DE-003,S10,W-01: таблица CUE 07 + cue-table.json по живым данным,DEV,P1,0.25,done,DE-002,W-01;SD-01;SD-02;SD-03;SD-04;SD-05;SD-06;SD-07;SD-08;SD-09;SD-10;SD-47;SD-48;SD-49;SD-51;D-DE-01;D-DE-03;D-DE-04;D-DE-09;D-DE-10,G-CUE,docs/game-design/07-animation-vfx-audio.csv и docs/unreal/contracts/cue-dispatcher/cue-table.json; журнал task/runs/A-<дата>.md,"cue_contract.py validate-table и test_cue_contract.py зелёные; CUE-008 без клипа; CUE-010 по F-01 (800 + удержание 1000 при тексте + 600/строка + пауза 300); CUE-011 от кадра контакта (HitReact 450/550, «−N» +60 900 мс×скорость, HP +80); CUE-013 по таблице F-09; CUE-015 кольцо 1000 + тлеющее, баннер 600 свой; clip.status у CUE-008/011/013 не «missing»; CUE-007 280 мс не тронут (иначе ещё UE Unmatched.S08); у каждой правки ссылка на timings-live.csv или таймкод"
DE-004,S10,W-02: подбор хода 03/04/05 + why-reasons по живым данным,DEV,P1,0.25,done,DE-002,W-02;SD-11;SD-12;SD-13;SD-14;SD-15;SD-16;SD-17;SD-18;SD-19;SD-20;SD-21;SD-22;SD-23;SD-44;SD-50;SD-52;SD-53;SD-54;D-DE-02;D-DE-08;MS-T-13;MS-T-27,G-HUD,"move-selection/03-ux-spec.md, 04-technical-design.md §6.3, 05-implementation-plan.md, docs/unreal/contracts/hud/why-reasons.json","hud_contract.py validate и тесты зелёные; подскок во всех ~20 местах = «высота 0, параметр для A/B» (F-02); 04 §6.3: время на ребро постоянно, наклон 10°, доворот 120, Idle 150, ease — параметр; MS-T-13 и MS-T-27 — только Marmoreal/Sarpedon original (Cobble убран); ключ why для ACTIONS_REMAINING; MS-T-08/12/16/17 ссылаются на W-10…W-13; новые номера V-/MS-R- не пересекаются"
DE-005,S10,W-03: экраны и HUD 02-ux-ui-spec по живым данным,DEV,P1,0.2,done,DE-002,W-03;SD-24;SD-25;SD-26;SD-27;SD-28;SD-29;SD-30;SD-31;SD-41;SD-42;SD-43;SD-44;SD-45;SD-46;SD-48;SD-49;SD-54;SD-55;D-DE-05;D-DE-06;D-DE-07;D-DE-09;D-DE-10;D-DE-12;SD-56,G-DOC,docs/game-design/02-ux-ui-spec.md,"Каждая правка с основанием; «Пас» убран, конец хода — сам после 2 действий; лимит руки 7 в конце хода; UI-INP-011 (надёжность клика), UI-ACC-012 (подсказки правил), UI-ACC-013 (скорость); §4.7 — состав колоды без порядка с метками (F-05); §2.9 — заголовок по герою-победителю, без автозакрытия; поля итога из реального снапшота или «нужна сверка API»; §4.5: своя атака без отдельного подтверждения после выбора цели, запрос способности — отложенный выбор (SD-56)"
DE-006,S10,W-04: бриф 18 и реестр вопросов 11,DEV,P1,0.1,done,DE-002,W-04;SD-32;SD-33;SD-39;SD-40;D-DE-03,G-DOC,"docs/game-design/18-animation-production-brief.md, 11-open-questions-and-risks.md","DE подписан «референс, не норма»; «HitReact/DeathSettle нет» заменено фактом (4 клипа у 6 v2-фигур, контакт 292–375 мс, нужен Notify); SD-33 не применён (довод для AD-CNF-30); новые вопросы с Q-206"
DE-007,S10,"W-05: ICON-MOTION.md — кольцо, трекер, сердце, крест",DEV,P1,0.1,done,DE-002,W-05;SD-34;SD-35;SD-36;SD-37;SD-38;D-DE-07;D-DE-12,G-DOC,docs/unreal/contracts/hud/ICON-MOTION.md,"Кольцо — обод целиком, вспышка 1000 + тлеющее; трекер: v3 по умолчанию, вариант DE и пульс слота 770 мс — только галерея; крест на сердце +1100; у каждой записи reduced-вариант; icon-motion.json не тронут (меняется в DE-012)"
DE-008,S10,W-30: перенос набора DE в 13-sprint-plan и 14-sprint-backlog (вместе с W-20),DEV,P1,0.1,done,DE-002,W-20;W-30,G-DOC,13-sprint-plan.md: вставные спринты S11b…S11f и пакет A04; 14-sprint-backlog.csv: строки DE-xxx или ссылка на 07-sprint-backlog.csv; P3 — post-MVP,"Счётчики задач и дней в 13 пересчитаны; статусы GD/ART не изменены; CSV читается тем же парсером, что 14; связь DE ↔ GD-044/047/049/050 записана; GD-044 уменьшена на 1,0 (1,5 → 0,5: бой и урон закрывают DE-018/019, движение — MS-T-15/16), освободившийся день S11 — MS-T-11; остаток MS размещён по таблице 07 §3 (S11c +MS-T-13, S11e +MS-T-26, S11f резерв MS-T-09/10, S12 +MS-T-18) и шестой слот S11g (MS-T-27, MS-T-28); гипотеза 13 — 20 спринтов"
DE-009,S10,W-31: живые остатки исследования DE (по желанию пользователя),DEV,P2,0.5,planned,DE-001,W-31;R-01;R-02;R-07;R-09;R-10;R-14;P0-1;P0-3;P0-4;P1-1;P1-4;P1-9;P1-10;P1-11;P2-5;R-06;R-12;R-15,G-DOC,Строки source=live60 в live-2026-10-04/timings-live.csv; пометки «R-xx (live)» в 01/02,Только основная сессия; игру запускает пользователь; файлы/память игры не трогать (EULA). Не блокирует ни одну задачу: умолчания 01 действуют без этих данных
DE-010,A04,W-26: AnimNotify Contact в LungeAttack и параметр заливки удара,ART,P1,1,done,ART-013;DE-003,W-26;F-03;SD-03;SD-06;D-DE-03,G-UE;G-ART-TECH;ACC-022,Notify Contact в LungeAttack Arthur/Merlin/Medusa/Harpy по build-profiles (*-h2anim.json); скалярный параметр заливки в M_UM_Figure_v2.1; asset-registry.json,"Кадр Notify: Arthur к.7 = 292 мс, Merlin к.8 = 333, Medusa к.8 = 333 (выпуск стрелы), Harpy к.7–9 = 292–375; длина клипов не изменена; параметр по умолчанию 0 — кадры K1 до/после совпадают по метрике; слой реестра не выше «технически импортировано»; после правки ассетов — перезапуск, не live tune"
DE-011,A04,W-27: растворение фигуры при смерти цветом команды,ART,P1,1,done,ART-012;DE-003,W-27;F-09;SD-07;D-DE-09,G-UE;G-COST;G-ART,Материал/Niagara растворения для 6 v2-фигур (fade + «пепел» цвета команды С-11); варианты для листа A/B (DE-028),"Растворение 500 мс (герой) / 400 мс (помощник), reduced motion — простой fade; render_bench.py для нового FX в бюджете; без 3D-постановки вокруг поля; до арт-приёмки вид-кандидат, умолчание — простой fade"
DE-012,A04,"W-15 (арт): глифы и записи движения — кольцо хода, сердце, крест-штамп, трекер",ART,P1,2,done,DE-007,W-15;SD-34;SD-35;SD-36;SD-37;SD-38;D-DE-07;D-DE-12,G-ICON;G-ART,"art/imagegen/hud-icons-v3/_tools/draw_icons.py (новые глифы), motion_contract.py → icon-motion.json, icon_motion.py (золотые позы), unreal/Unmatched/Config/S08IconMotion.json, HUD-AND-ICONS.md",Генератор и золотые позы зелёные; кадры галереи -S08IconGallery; вариант трекера DE только в галерее; арт-приёмка пользователя поштучно на 1024 px и 16/24/32 px; до приёмки новые глифы не по умолчанию
DE-013,A04,W-25 (арт): звуки под точки синхронизации CUE,ART,P2,0.5,done,ART-010;DE-003,W-25;SD-51;R-12,G-ART,"Список лицензируемых звуков: клик ui, удар, шаг (один на ребро), перезвон своего хода, стинги победы/поражения 2–3 с; происхождение в CREDITS","Звуков DE нет (EULA); покупку Fab делает только пользователь; каждый звук имеет лицензию и источник; дополняет ART-010, не заменяет его"
DE-014,S11b,"W-21: надёжность клика по HUD, полю и картам",DEV,P1,1.5,done,DE-005,W-21;SD-46;R-01;P0-3,G-UE;G-LIVE;ACC-020,Правило UI-INP-011 в коде HUD; UE-тест синтетических кликов; трасса отклика,"UE-тест: удержание 0 и 50 мс, n ≥ 20 на каждую кнопку HUD, карту, колоду и клетку — потерь 0; каждое нажатие в том же кадре даёт действие с откликом или CUE-004 с причиной why.*; срабатывание на отпускании над тем же элементом; ввод во время анимации или баннера принимается или получает причину; гейт приёмки HUD для всех следующих задач; приоритет P1 (было P0 — снято ревью: P0 в 14 означает корректность правил), статус гейта сохранён"
DE-015,S11b,W-22: ввод в начале хода сразу; «Пас» убрать; «Конец хода» с причиной,DEV,P1,0.5,done,DE-004;DE-005;DE-014,W-22;SD-44;SD-47;D-DE-07,G-UE;G-LIVE,HUD без «Пас»; причина ACTIONS_REMAINING у «Конец хода» и клавиши E; ввод открыт с кадра применения снапшота,Трасса: первый клик своего хода принимается в кадре снапшота (кольцо и баннер не задерживают); «Пас» в HUD нет; до 2 действий «Конец хода» недоступен с причиной; авто-конец после 2-го действия сохранён; UE-тесты S09
DE-016,S11b,W-11 (спайк сервера): эффект без допустимых целей,DEV,P1,0.5,done,DE-001,W-11;F-11;D-DE-11;SD-16;R-10,G-BE,"backend/src/game-engine/effects (+spec): PLACE без допустимой клетки, MOVE без допустимой клетки, причина 'No valid targets' в состоянии/ruleCode","jest game-engine и games, typecheck зелёные; ни одного pending без допустимой цели; причина доступна клиенту (ruleCode или поле состояния); можно делать до go-ahead Unreal (не UE)"
DE-017,S11b,W-10: кольца-кандидаты и автовыбор (с MS-T-08),DEV,P1,1,done,MS-T-08;DE-004;DE-014,W-10;SD-11;SD-17;D-DE-08;F-08,G-UE;G-LIVE,"S08MoveHighlight (MS-T-08), S09MoveInput, S09ManeuverUi; тесты S09MoveSelectionTests",Кольца под всеми своими подвижными бойцами в кадр начала манёвра; обездвиженные и мёртвые без колец; ровно один подвижный — сразу MS-S-07; после буста выбор остаётся на текущем бойце; автоперехода нет; Tab перебирает; кадры до/после на Marmoreal original и Sarpedon original
DE-018,S11c,W-14: раскадровка боя CUE-008…011,DEV,P1,3.5,done,DE-003;DE-014,W-14;SD-03;SD-04;SD-05;SD-06;SD-27;SD-48;SD-49;D-DE-01;D-DE-03;D-DE-04;F-01;F-03;F-04;GD-044,G-CUE;G-UE;G-LIVE;ACC-011;ACC-012,"S09HudModel (бой), S08ArtHud* (панель боя, слот защиты), S08FighterActor (LungeAttack на снапшоте результата, HitReact, заливка), S08BoardActor («−N»), диспетчер CUE, фикстуры cue-dispatcher, S09CombatTests","Порядок «переворот → эффекты → счёт → пауза 300 → выпад → контакт → HitReact и HP → исход»; LungeAttack не на входе COMBAT_RESOLVE; клип LungeAttack — вступление CUE-011, duration_ms CUE-011 = 900 от контакта; контакт по Notify DE-010 (фолбэк — константа профиля, DE-010 не блокирует); заливка 450/550, «−N» +60, HP +80; удержание 1000 только при тексте эффекта, 600 на строку; пропуск кликом/Space/Enter обнуляет удержания, клипы ≤0,9 с не обрываются; бой ≈3,9 с ±10 % по трассе (атака без защиты, карта с текстом эффекта, 0 сработавших строк; без текста ≈2,9 с); «защита держит»; камера неподвижна; check-trace зелёный; повтор seq не даёт второй урон; живой бой двух клиентов на Marmoreal original; крупные карты боя — слой HUD у краёв поля (SD-48 п. 4, принято ревью); шаги AFTER COMBAT — после выхода из постановки, по одному (CUE-014)"
DE-019,S11c,W-16: смерть по этапам и переход к результату,DEV,P1,1.5,done,DE-018,W-16;SD-07;SD-09;D-DE-09;F-09,G-CUE;G-UE;G-LIVE;G-COST,"S08HeroesV2.h (DeathHoldSeconds), S08FighterActor (растворение вместо мгновенного скрытия), S08FlowGameMode, S09HudModel (результат), S09ResultTests","Удержание: герой 0,3 с, помощник 0 (было 2,0 и мгновенное скрытие); исчезновение героя ≈2125 мс, помощника ≈1725 мс от контакта (трасса ±50 мс); экран результата через 1000 мс после исчезновения героя, удар → экран ≈3,1 с; смерть помощника экран не открывает; исход показан один раз; крест на сердце +1100 только после принятия глифа (DE-012), до того сердце чернеет; растворение DE-011 не блокирует: до него простой fade через параметр Fade; G-COST DE-011 перенесён сюда (ревью A04): render_bench.py с кадром растворения fade и ash на обеих картах, без Steam-игры на машине"
DE-020,S11c,W-11 (клиент): выбор без целей и подача отложенных выборов (с MS-T-12),DEV,P1,2,done,MS-T-12;DE-016;DE-004;DE-005,W-11;SD-10;SD-16;SD-19;SD-28;F-11;D-DE-11;SD-56,G-HUD;G-UE;G-LIVE,"S09HudModel (pending), S08ArtHud* (модальный выбор, тост), S08WhyText, why-reasons.json, S09PendingTests","Нет состояния ожидания ввода без подсвеченной цели; причина видна; выбор в чужой ход — «объект → цель (до N)»; модал сворачивается; повторяющийся необязательный триггер — тост; обязательный выбор каждый ход компактный и помнит прошлый вариант; запрос способности героя при своей атаке — отложенный выбор без таймера, атака без способности подтверждения не ждёт (SD-56)"
DE-021,S11d,W-12: старт и поза хода без подскока (с MS-T-16),DEV,P1,1,done,MS-T-16;DE-004,W-12;SD-13;SD-14;SD-20;SD-50;D-DE-02;F-02,G-CUE;G-UE;G-LIVE;MS-AT-24;MS-AT-33,"S08MoveAnim / S08FighterActor (наклон, доворот, возврат в Idle), US08UserSettings, S08MoveCueTests; A/B-кадры для DE-028","Своя фигура стартует в кадр снапшота; 280 мс на ребро независимо от длины, тест «код = cue-table» зелёный; высота подскока по умолчанию 0 (параметр); наклон 10° за 60 мс; доворот 120 мс без остановки; возврат в Idle 150 мс; ease — параметр, по умолчанию выкл; потолки 1400/2400 и пропуск без изменений; A/B-кадры подскок 0/0,08 и наклон 0/10° на Marmoreal original"
DE-022,S11d,W-13: взгляд соперника и строка статуса (с MS-T-17),DEV,P1,2,done,MS-T-17;DE-004;DE-005,W-13;SD-15;SD-21;SD-25;SD-30;SD-31;F-12;D-DE-12,G-UE;G-LIVE;MS-AT-26;MS-AT-30,"S08FlowGameMode, S08MoveHighlight, S09HudModel (фаза и pending соперника из снапшота), S08ArtHud*","Глагол фазы соперника из состояния сервера; трекер соперника по снапшоту и виден только в его ход (появление 150 мс, скрытие за 1 кадр); эффект соперника, двигающий моего бойца, — анимация по следу с картой-источником и подписью «ваш боец»; строка «что делать» в каждом состоянии; камера стоит; прогон двух клиентов, кадры клиента-соперника"
DE-023,S11e,"W-15 (HUD): кольцо хода, баннер, трекер действий, сердце",DEV,P1,2,done,DE-012;DE-015;DE-022,W-15;SD-08;SD-25;SD-34;SD-35;SD-37;SD-38;D-DE-07;D-DE-12;F-07;F-12,G-ICON;G-UE;G-LIVE,"S08IconMotion, S08AnimatedIconWidget, S08ArtHud* (постоянный UMG-виджет портрета), тесты Unmatched.S08.IconMotion.*","Кольцо у портрета активного игрока у обеих сторон: вспышка 1000 мс, затем тлеющее до конца хода; reduced motion — статичное; баннер «Ваш ход» 600 мс только свой, ввод не блокирует; трекер: отметка в момент выбора, возврат при откате, сброс за 1 кадр; v3 по умолчанию, вариант DE только в -S08IconGallery; эталон Python и UE |Δ| ≤ 0,45/0,81 (64/32 px); hud_contract зелёный; ореол glow в damage сердца (DE-012) — кандидат: до арт-приёмки HUD играет damage без glow (ревью A04). Ревью E 2026-10-05: кольцо в живом HUD выключено до ответа AB-5 (глиф — кандидат DE-012); открыт дефект вёрстки — портреты закрывают начало панели руки при 6–7 картах (проход исправлений E). Исправления E 2026-10-05 (0fce04ae): панель руки центрируется, пока не заходит на колонку портретов, иначе встаёт правее её (+12 su), чипы переносятся до правого края; портреты и слот — мягкие препятствия плашки; вживую `HUD-HAND layout … shifted=1`, кадр E/fix/marmoreal"
DE-024,S11e,W-23: лимит руки — однократная подсказка и сброс без отмены,DEV,P1,1,done,DE-005;DE-014,W-23;SD-42;SD-43,G-UE;G-LIVE,"S08ArtHud* (тост-подсказка, виджет сброса UI-HUD-PENDING), US08UserSettings (UI-ACC-012), S09HudModel","Тост правила один раз за партию при 7 картах, ввод не блокирует, закрывается кликом или концом хода; UI-ACC-012 выкл — тостов нет; сброс по лимиту сразу после последнего действия, рука подсвечена, без отмены, клик + подтверждение без drag; ход передаётся автоматически; тот же виджет для сброса эффектом. Ревью E 2026-10-05: открыт дефект — обрезана вторая строка тоста «Click to close» (проход исправлений E). Исправления E 2026-10-05 (0fce04ae): причина — колонка портретов поверх тоста (тост внутри панели руки); панель руки больше не заходит под портреты, у кнопки отступ под второй строкой; живого кадра тоста в проходе не выпало; сброс до лимита и закрытие кликом вживую не выпали — покрыты тестами HandLimit.*"
DE-025,S11e,W-24: множитель скорости в бою и хранение настроек,DEV,P1,0.75,done,MS-T-16;DE-018;DE-005,W-24;SD-49;SD-55,G-UE,"US08UserSettings: UI-ACC-012, UI-ACC-013, громкости «Общая» и «Окружение» + mute (запись); применение множителя в диспетчере CUE","Множитель применяется к шагу, LungeAttack (play rate) и «−N»; не применяется к удержаниям боя, заливке HitReact, метке исхода и кольцу хода; настройки сохраняются и применяются без перезапуска (громкости — с DE-032); UE-тест; экран настроек — в GD-047"
DE-026,S11e,"W-18: рука и карты — опускание руки, схемы, слот источника, буст соперника",DEV,P2,2,done,DE-022;DE-005,W-18;SD-02;SD-26;SD-28;SD-54;D-DE-10;F-10,G-UE;G-LIVE,"S08ArtHud* (рука, слот карты-источника, ленты marker-status, выбор числа), S09HudModel, S09SchemeUiTests","При выборе клетки или цели рука опущена и превью не закрывает поле; схема соперника: прилёт 200 → 1500 мс до эффекта, клик сразу запускает эффект; своя схема — эффект без ожидания; карта-источник висит до конца эффекта; карта буста соперника в слоте с лентой BOOSTED ≥1000 мс, движение её не ждёт. Ревью E 2026-10-05: открыто (major) — новый seq во время удержания отпускает схему соперника без её CUE; бот VS_AI публикует шаги без паузы, поэтому удержание 1500 мс и ходы схемы теряются (проход исправлений E, проверка в VS_AI). Исправления E 2026-10-05 (647e33ca, 2c3ed515): остаток той же схемы (EFFECT-след владельца, ответ на открытый выбор, тихий seq в ход владельца) входит в удержание; новое действие отпускает его и проигрывает удержанные CUE вместе со своими; вживую `HUD-SLOT chain … why=choice`, `cues held` → `cues play … carry` → урон показан. Бот VS_AI схем не играет (ai-decision.service.ts) — проверка в партии двух клиентов"
DE-027,S11e,W-17 (спайк сервера): «Сыграть ещё» тем же составом (Q-203),DEV,P2,0.5,done,DE-001,W-17;Q-203;D-DE-06,G-BE,"Вывод спайка backend/src/games, lobby: можно ли создать комнату тем же составом",jest и typecheck зелёные; вывод записан в 11 (Q-203) — да/нет с причиной; можно делать до go-ahead Unreal (не UE)
DE-028,S11e,W-28: сводный лист A/B для пользователя,DEV,P1,0.5,done,DE-021;DE-019;DE-023;DE-011;DE-012,W-28;F-02;F-07;F-09;F-12;MS-Q-04,G-LIVE;G-ART,"Один лист кадров packaged на Marmoreal original и Sarpedon original: подскок 0/0,08, наклон 0/10°, растворение, кольцо хода, трекер v3/DE, новые глифы","Кадры с RENDER; доска — реальная карта, задник по AGENTS.md (Marmoreal — -ConceptPaste или пометка до ENV-U16), все 6 фигур v2; кадры просмотрены до отправки; ответ пользователя записан в 01; до ответа действуют умолчания F-02/F-07/F-09/F-12. Сделано 2026-10-05: лист evidence/DE-FOOTAGE/2026-10-04/AB-SHEET (00-ab-sheet.jpg + 01–04, README «что выбрать» AB-1…AB-8), packaged f620b15e, 28 -Bench + галерея; кадры просмотрены; ответ пользователя ждёт в 01 «Лист A/B DE-028»"
DE-029,S11f,W-17: экран результата,DEV,P2,2,done,DE-019;DE-027;GD-040,W-17;SD-24;SD-39;SD-45;D-DE-06;F-06,G-UE;G-LIVE;ACC-002,"S09HudModel (результат), S08ArtHud*, S09ResultTests","Заголовок по герою-победителю (не по добившему бойцу); аватары из БД: победитель и силуэт проигравшего; вход ~500 мс; экран сам не закрывается; «посмотреть доску» ↔ итоги — кроссфейд 250 мс; итог из реальных полей; «Сыграть ещё» только если спайк DE-027 подтвердил; живая партия до FINISHED на Marmoreal original. Ревью F 2026-10-05: done в объёме IMPL п. 4 (часть без GD-040): fc5318db, e5223022, 00f8a1be; вживую на обеих картах (F/accept). Не сделано по строке: «Сыграть ещё» (F-06: только VS_AI, DE-027 подтвердил) и экран ABORTED — ждут GD-040 по IMPL п. 4; аватары из БД — монограмма на диске до HI-05 (в БД WebP, ImageWrapper UE 5.8 его не декодирует)"
DE-030,S11f,W-19: колода и сброс — боковая панель с составом,DEV,P2,1.5,done,DE-005;GD-025,W-19;SD-29;SD-41;D-DE-05;F-05,G-UE;G-BE;G-LIVE;ACC-009;ACC-018,"S08ArtHud* (панель), S09HudModel, данные discardPiles и публичный состав колоды героя","Панель сбоку, поле видно; своя колода — состав с копиями рядом, метки «в руке», «в сбросе», «осталось N»; соперник — состав и «в сбросе», рука — число рубашек; открытие ≤100 мс, закрытие 150 мс, сама закрывается при событии с вводом; тест проекции: порядок колоды и id карт руки соперника в клиент не приходят (QA-005) Ревью F 2026-10-05: done (00446e54); запрос gameDeckLists, jest de030 + s07 10/10; вживую на обеих картах (F/accept): DECKLIST loaded lists=2, автозакрытие input:turn|defend|choice"
DE-031,S11f,W-29: живая приёмка набора DE на двух картах,DEV,P1,1.5,done,DE-014;DE-015;DE-017;DE-018;DE-019;DE-020;DE-021;DE-022;DE-023;DE-024;DE-025;DE-026;DE-029;DE-030,W-29;D-DE-01;D-DE-02;D-DE-03;D-DE-09;ENV-U16,G-LIVE;G-CUE;G-COST;ACC-022,"docs/game-design/evidence/DE-FOOTAGE/<дата>/README.md: кадры до/после, трассы CUE и MS-CUE, замеры темпа","Одна упаковка (штамп коммита); два клиента на Marmoreal original и Sarpedon original; трассы проходят check-trace; кадры просмотрены: реальная карта, верный задник, 6 фигур v2; темп по трассе: бой ≈3,9 с (карта с текстом, 0 сработавших строк; без текста ≈2,9 с), удар → экран ≈3,1 с, 280 мс на ребро; автотест кликов — 0 потерь; render_bench.py для FX растворения в бюджете; 60 FPS ACC-022 не ухудшен; хвосты прогона D: плашка «ваш боец» вживую (трасса MS-OPP yours, эффект соперника двигает моего бойца) и строка MS-ANIM settings (hop 0, lean 10) в упакованной трассе; хвосты прогона E: портреты DE-023 и слот DE-026 не перекрываются рукой и плашками бойцов, стоимость постоянных UMG-портретов и слота (-BenchTurnHud), удержание схемы бота в VS_AI вживую. Приёмка F 2026-10-05: итоговая упаковка bd109788; G-LIVE обе карты + GD-036/039, check-trace PASS на 11 трассах; бой 3933 мс, удар → экран 3167 мс, 280 мс/ребро; клики 1440/0 потерь; растворение |Δ GPU| ≤ 0,03 мс; 60 FPS, hitches 0; хвост E (тост, release=time с цепочкой, портреты не над рукой) закрыт; MS-OPP yours и бой без текста вживую не выпали — на тестах; исправлено: DE-029 длительность (e5223022) и полоса маркеров 720p (00f8a1be), трасса без потерь (bd109788), гейт маркеров и съёмка (2c6c4783). Доказательства: evidence/DE-FOOTAGE/2026-10-04/F/live/README.md. Ревью F 2026-10-05: повтор G-LIVE на одной упаковке b2e5f6d3 (тот же sourceHash, что bd109788) — evidence/DE-FOOTAGE/2026-10-04/F/accept/README.md, check-trace PASS на 10 трассах. Хвосты, вживую не проверенные: удержание схемы бота VS_AI (бот схем не играет), MS-OPP yours, бой без текста; в VS_AI бот взял T. Rex без v2-модели; кадры run-duel-demo / run-vs-ai-demo на Marmoreal — с 3D P5c (ENV-U16)"
DE-032,S12,W-25: звук по точкам синхронизации CUE (в счёт GD-049),DEV,P1,0.5,planned,GD-049;DE-013;DE-018;DE-023,W-25;SD-51;R-12;GD-049;MS-T-18,G-CUE;G-UE;G-LIVE,"Диспетчер CUE: звук ui в кадре отклика, удар в кадре контакта, шаг один на ребро, перезвон только свой ход, стинг результата с экраном; громкости «Общая»/«Окружение»",Трасса: время звука против кадра события ±17 мс; нет звука — fallback без ошибок; начало хода соперника беззвучно; громкости применяются без перезапуска
DE-033,S13,W-29: наблюдение темпа и кликов в плейтесте (в счёт GD-050),DEV,P1,0.5,planned,DE-031;GD-050,W-29;D-DE-01;SD-46;GD-050,ACC-019,"Раздел протокола GD-050: темп боя, понятность смерти и результата, ручные клики","50 ручных кликов без наведения — 0 потерь; каждое замечание о темпе боя, непонятной смерти или результате записано с таймкодом; если замечание повторяется минимум у двух разных игроков протокола GD-050 — параметры удержаний (1000/600/300) правятся live tune и перемеряются; число сессий задаёт GD-050"
DE-034,post-MVP,W-20: статусы шагов входа в партию вместо немых спиннеров,DEV,P3,1,planned,GD-057,W-20;README §9 P3,ACC-021,Экран входа с названием текущего шага,Каждый шаг входа в комнату подписан; ошибка шага показывает причину
DE-035,post-MVP,W-20: все столы лобби видны по умолчанию,DEV,P3,0.5,planned,GD-057,W-20;README §9 P3,ACC-021,Фильтр лобби по умолчанию «все»,Без ручного переключения видны все открытые столы
DE-036,post-MVP,W-20: контекстные подсказки при первом появлении механики,DEV,P3,1.5,planned,GD-057;DE-024,W-20;README §9 P3;SD-42,ACC-020,Расширение тоста W-23 на другие механики; UI-ACC-012 выключает все,Каждая подсказка один раз за профиль; ввод не блокирует
DE-037,post-MVP,W-20: экран «История» с тремя агрегатами,DEV,P3,1.5,planned,GD-057,W-20;README §9 P3,ACC-021,Экран истории партий,Агрегаты из сервера; сначала подключить updateStatsAfterGame (сейчас не вызывается)
DE-038,post-MVP,3D-фигура победителя на экране результата (только по слову пользователя),DEV,P3,1,planned,DE-029,SD-45;D-DE-06,G-ART,SceneCapture v2-фигуры победителя на экране результата,Не начинать без слова пользователя; без новой 3D-постановки вокруг поля; кадры на арт-приёмку
DE-039,post-MVP,"W-17 (сервер): ссылка на реванш у завершённой игры для двух игроков (Q-203, PvP)",DEV,P2,1,planned,DE-027;GD-040,W-17;Q-203;D-DE-06,G-BE,"backend/src/games (+spec, миграция): участник завершённой ONE_V_ONE создаёт комнату-реванш тем же составом (одна на игру, идемпотентно); ссылка видна второму участнику в ответе игры и событием в канал старой игры","jest games и typecheck зелёные; второй участник находит комнату-реванш без кода; повторный вызов отдаёт ту же комнату; чужой пользователь ссылку не видит; после этого DE-029 показывает «Сыграть ещё» и в PvP (вывод DE-027 в 11 Q-203)"
