2026/10/01 08:21:58.421, 35 %, 2786 MiB
2026/10/01 08:21:59.431, 28 %, 2786 MiB
2026/10/01 08:22:00.440, 28 %, 2786 MiB
2026/10/01 08:22:01.450, 30 %, 2796 MiB
2026/10/01 08:22:02.464, 32 %, 2798 MiB
2026/10/01 08:22:03.475, 32 %, 2798 MiB
2026/10/01 08:22:04.488, 30 %, 2798 MiB
2026/10/01 08:22:05.500, 32 %, 2798 MiB
2026/10/01 08:22:06.502, 32 %, 2790 MiB
2026/10/01 08:22:07.512, 29 %, 2790 MiB
2026/10/01 08:22:08.524, 31 %, 2788 MiB
2026/10/01 08:22:09.536, 34 %, 2788 MiB
2026/10/01 08:22:10.548, 30 %, 2788 MiB
2026/10/01 08:22:11.561, 32 %, 2788 MiB
2026/10/01 08:22:12.573, 32 %, 2788 MiB
2026/10/01 08:22:13.588, 29 %, 2788 MiB
2026/10/01 08:22:14.597, 32 %, 2788 MiB
2026/10/01 08:22:15.613, 32 %, 2788 MiB
2026/10/01 08:22:16.614, 30 %, 2788 MiB
2026/10/01 08:22:17.615, 32 %, 2788 MiB
