timestamp,utilization.gpu,memory.used,power.draw
2026/10/01 07:46:30.465, 30, 2949, 38.46
2026/10/01 07:46:30.979, 30, 2958, 33.82
2026/10/01 07:46:31.480, 34, 3009, 30.78
2026/10/01 07:46:31.995, 19, 3157, 49.41
2026/10/01 07:46:32.508, 16, 4283, 69.69
2026/10/01 07:46:33.023, 76, 4253, 81.93
2026/10/01 07:46:33.524, 81, 4253, 125.53
2026/10/01 07:46:34.038, 86, 4253, 173.92
2026/10/01 07:46:34.540, 91, 4253, 183.95
2026/10/01 07:46:35.043, 91, 4243, 186.16
2026/10/01 07:46:35.548, 92, 4243, 189.39
2026/10/01 07:46:36.061, 87, 4243, 189.34
2026/10/01 07:46:36.574, 90, 4243, 188.68
2026/10/01 07:46:37.089, 86, 4243, 188.37
2026/10/01 07:46:37.605, 87, 4243, 188.93
2026/10/01 07:46:38.107, 88, 4243, 188.70
2026/10/01 07:46:38.621, 81, 4243, 185.96
2026/10/01 07:46:39.136, 89, 4243, 184.21
2026/10/01 07:46:39.649, 89, 4243, 185.02
2026/10/01 07:46:40.163, 79, 4243, 184.93
2026/10/01 07:46:40.665, 83, 4243, 186.99
2026/10/01 07:46:41.179, 89, 4243, 186.57
2026/10/01 07:46:41.694, 90, 4243, 189.07
2026/10/01 07:46:42.209, 91, 4243, 188.90
2026/10/01 07:46:42.711, 91, 4243, 189.18
2026/10/01 07:46:43.226, 91, 4243, 189.24
2026/10/01 07:46:43.740, 89, 4243, 188.26
2026/10/01 07:46:44.242, 91, 4243, 188.70
2026/10/01 07:46:44.758, 90, 4243, 189.42
2026/10/01 07:46:45.272, 90, 4243, 189.53
2026/10/01 07:46:45.773, 89, 4243, 189.70
2026/10/01 07:46:46.273, 91, 4243, 188.99
2026/10/01 07:46:46.786, 91, 4249, 188.81
2026/10/01 07:46:47.300, 91, 4249, 189.76
2026/10/01 07:46:47.801, 90, 4249, 189.96
2026/10/01 07:46:48.303, 91, 4249, 189.37
2026/10/01 07:46:48.804, 90, 4249, 189.28
2026/10/01 07:46:49.308, 91, 4249, 189.10
2026/10/01 07:46:49.820, 79, 4249, 187.48
2026/10/01 07:46:50.335, 88, 4249, 187.76
2026/10/01 07:46:50.837, 88, 4249, 188.35
2026/10/01 07:46:51.340, 90, 4249, 188.80
2026/10/01 07:46:51.855, 90, 4245, 189.05
2026/10/01 07:46:52.358, 91, 4245, 189.34
2026/10/01 07:46:52.874, 90, 4245, 189.39
2026/10/01 07:46:53.389, 90, 4245, 190.08
2026/10/01 07:46:53.902, 90, 4245, 189.80
2026/10/01 07:46:54.403, 91, 4245, 189.73
2026/10/01 07:46:54.912, 91, 4245, 189.52
2026/10/01 07:46:55.425, 90, 4245, 189.79
2026/10/01 07:46:55.941, 91, 4245, 189.96
2026/10/01 07:46:56.457, 90, 4245, 190.01
2026/10/01 07:46:56.971, 89, 4245, 189.68
2026/10/01 07:46:57.485, 91, 4245, 189.74
2026/10/01 07:46:57.997, 90, 4245, 189.32
2026/10/01 07:46:58.509, 95, 4245, 186.43
2026/10/01 07:46:59.021, 94, 4245, 179.75
2026/10/01 07:46:59.534, 91, 4245, 178.36
2026/10/01 07:47:00.042, 80, 4245, 183.09
2026/10/01 07:47:00.555, 90, 4245, 186.47
2026/10/01 07:47:01.057, 90, 4245, 188.04
2026/10/01 07:47:01.569, 88, 4245, 188.84
2026/10/01 07:47:02.083, 91, 4245, 188.85
2026/10/01 07:47:02.596, 91, 4245, 189.06
2026/10/01 07:47:03.110, 91, 4245, 188.98
2026/10/01 07:47:03.622, 90, 4245, 188.99
2026/10/01 07:47:04.124, 91, 4245, 188.98
2026/10/01 07:47:04.638, 90, 4245, 188.90
2026/10/01 07:47:05.151, 91, 4245, 188.84
2026/10/01 07:47:05.666, 91, 4245, 188.51
2026/10/01 07:47:06.180, 91, 4245, 188.15
2026/10/01 07:47:06.693, 91, 4245, 189.01
2026/10/01 07:47:07.207, 90, 4245, 189.01
2026/10/01 07:47:07.723, 91, 4245, 188.15
2026/10/01 07:47:08.236, 89, 4245, 188.41
2026/10/01 07:47:08.750, 91, 4245, 188.60
2026/10/01 07:47:09.263, 90, 4245, 188.39
2026/10/01 07:47:09.774, 83, 4245, 187.21
2026/10/01 07:47:10.286, 90, 4245, 187.37
2026/10/01 07:47:10.786, 91, 4245, 187.85
2026/10/01 07:47:11.301, 87, 4245, 188.86
2026/10/01 07:47:11.813, 88, 4245, 189.14
2026/10/01 07:47:12.326, 92, 4245, 188.61
2026/10/01 07:47:12.827, 89, 4245, 189.34
2026/10/01 07:47:13.341, 91, 4245, 189.86
2026/10/01 07:47:13.856, 91, 4245, 189.73
2026/10/01 07:47:14.369, 88, 4245, 189.35
2026/10/01 07:47:14.871, 89, 4245, 189.65
2026/10/01 07:47:15.384, 91, 4245, 189.10
2026/10/01 07:47:15.898, 86, 4245, 188.64
2026/10/01 07:47:16.412, 91, 4245, 188.90
2026/10/01 07:47:16.926, 90, 4245, 188.72
2026/10/01 07:47:17.426, 92, 4245, 188.72
2026/10/01 07:47:17.939, 89, 4245, 188.63
2026/10/01 07:47:18.449, 91, 4245, 188.37
2026/10/01 07:47:18.963, 91, 4245, 188.54
2026/10/01 07:47:19.478, 91, 4245, 188.82
2026/10/01 07:47:19.990, 82, 4245, 187.25
2026/10/01 07:47:20.492, 91, 4245, 186.69
2026/10/01 07:47:21.004, 89, 4245, 188.22
2026/10/01 07:47:21.518, 90, 4245, 189.96
2026/10/01 07:47:22.031, 86, 4245, 189.48
2026/10/01 07:47:22.544, 91, 4245, 188.11
2026/10/01 07:47:23.057, 91, 4245, 187.80
2026/10/01 07:47:23.557, 83, 4245, 189.40
2026/10/01 07:47:24.070, 91, 4245, 189.48
2026/10/01 07:47:24.582, 88, 4245, 188.74
2026/10/01 07:47:25.094, 87, 4248, 188.74
2026/10/01 07:47:25.594, 89, 4241, 188.20
2026/10/01 07:47:26.110, 91, 4241, 187.97
2026/10/01 07:47:26.624, 91, 4241, 188.27
2026/10/01 07:47:27.139, 90, 4241, 188.93
2026/10/01 07:47:27.651, 89, 4241, 188.73
2026/10/01 07:47:28.152, 88, 4245, 188.68
2026/10/01 07:47:28.664, 93, 4245, 185.79
2026/10/01 07:47:29.166, 94, 4245, 179.40
2026/10/01 07:47:29.677, 89, 4245, 179.31
2026/10/01 07:47:30.191, 75, 4245, 183.83
2026/10/01 07:47:30.707, 90, 4245, 181.64
2026/10/01 07:47:31.221, 91, 4245, 183.43
2026/10/01 07:47:31.734, 87, 4245, 189.04
2026/10/01 07:47:32.248, 86, 4245, 188.77
2026/10/01 07:47:32.763, 90, 4245, 189.00
2026/10/01 07:47:33.263, 91, 4245, 188.93
2026/10/01 07:47:33.765, 90, 4245, 174.40
2026/10/01 07:47:34.267, 89, 4245, 169.01
2026/10/01 07:47:34.769, 89, 4245, 178.00
2026/10/01 07:47:35.283, 89, 4245, 178.03
2026/10/01 07:47:35.796, 89, 4245, 178.26
2026/10/01 07:47:36.310, 89, 4245, 177.28
2026/10/01 07:47:36.826, 88, 4245, 176.85
2026/10/01 07:47:37.341, 86, 4245, 176.90
2026/10/01 07:47:37.854, 88, 4245, 177.39
2026/10/01 07:47:38.366, 90, 4245, 177.78
2026/10/01 07:47:38.878, 90, 4245, 177.61
2026/10/01 07:47:39.393, 87, 4245, 177.64
2026/10/01 07:47:39.901, 77, 4245, 176.46
2026/10/01 07:47:40.401, 88, 4245, 175.49
2026/10/01 07:47:40.916, 88, 4245, 175.38
2026/10/01 07:47:41.418, 89, 4245, 177.29
2026/10/01 07:47:41.933, 89, 4245, 177.60
2026/10/01 07:47:42.445, 90, 4245, 176.94
2026/10/01 07:47:42.957, 88, 4245, 175.67
2026/10/01 07:47:43.471, 89, 4245, 176.18
2026/10/01 07:47:43.979, 89, 4245, 177.00
2026/10/01 07:47:44.493, 88, 4245, 177.29
2026/10/01 07:47:45.006, 88, 4245, 177.41
2026/10/01 07:47:45.521, 87, 4245, 177.35
2026/10/01 07:47:46.034, 89, 4245, 177.82
2026/10/01 07:47:46.545, 87, 4245, 177.84
2026/10/01 07:47:47.060, 88, 4245, 177.99
2026/10/01 07:47:47.561, 88, 4245, 177.73
2026/10/01 07:47:48.072, 87, 4245, 177.59
2026/10/01 07:47:48.586, 88, 4245, 177.12
2026/10/01 07:47:49.099, 88, 4245, 176.74
2026/10/01 07:47:49.612, 90, 4245, 177.22
2026/10/01 07:47:50.123, 75, 4245, 176.42
2026/10/01 07:47:50.626, 90, 4245, 175.71
2026/10/01 07:47:51.138, 88, 4245, 175.90
2026/10/01 07:47:51.653, 89, 4245, 177.35
2026/10/01 07:47:52.155, 89, 4245, 177.26
2026/10/01 07:47:52.669, 86, 4245, 176.74
2026/10/01 07:47:53.184, 89, 4245, 176.12
2026/10/01 07:47:53.698, 88, 4245, 176.71
2026/10/01 07:47:54.212, 87, 4245, 176.50
2026/10/01 07:47:54.713, 88, 4245, 176.32
2026/10/01 07:47:55.223, 87, 4245, 176.57
2026/10/01 07:47:55.733, 90, 4245, 176.78
2026/10/01 07:47:56.243, 86, 4241, 176.96
2026/10/01 07:47:56.757, 90, 4241, 177.43
2026/10/01 07:47:57.270, 89, 4241, 177.56
2026/10/01 07:47:57.771, 89, 4241, 177.44
2026/10/01 07:47:58.284, 93, 4245, 174.54
2026/10/01 07:47:58.796, 93, 4245, 169.16
2026/10/01 07:47:59.311, 88, 4245, 168.46
2026/10/01 07:47:59.824, 79, 4245, 172.98
2026/10/01 07:48:00.338, 89, 4245, 174.59
2026/10/01 07:48:00.852, 87, 4245, 174.93
2026/10/01 07:48:01.364, 90, 4245, 176.79
2026/10/01 07:48:01.878, 83, 4245, 177.04
2026/10/01 07:48:02.391, 90, 4245, 173.88
2026/10/01 07:48:02.892, 86, 4245, 173.99
2026/10/01 07:48:03.407, 86, 4245, 176.91
2026/10/01 07:48:03.917, 89, 4245, 176.76
2026/10/01 07:48:04.431, 88, 4245, 177.40
2026/10/01 07:48:04.932, 88, 4245, 177.30
2026/10/01 07:48:05.443, 91, 4310, 173.83
2026/10/01 07:48:05.959, 91, 4310, 185.16
2026/10/01 07:48:06.459, 91, 4310, 202.45
2026/10/01 07:48:06.973, 91, 4310, 202.61
2026/10/01 07:48:07.487, 91, 4310, 202.64
2026/10/01 07:48:07.997, 90, 4310, 202.59
2026/10/01 07:48:08.511, 91, 4310, 202.85
2026/10/01 07:48:09.011, 91, 4310, 202.75
2026/10/01 07:48:09.524, 87, 4310, 202.44
2026/10/01 07:48:10.034, 82, 4310, 201.75
2026/10/01 07:48:10.547, 84, 4310, 200.86
2026/10/01 07:48:11.060, 91, 4310, 200.82
2026/10/01 07:48:11.575, 91, 4310, 202.58
2026/10/01 07:48:12.088, 91, 4310, 202.89
2026/10/01 07:48:12.590, 91, 4310, 202.91
2026/10/01 07:48:13.101, 91, 4310, 202.96
2026/10/01 07:48:13.601, 90, 4310, 202.80
2026/10/01 07:48:14.111, 89, 4310, 202.08
2026/10/01 07:48:14.612, 90, 4310, 202.32
2026/10/01 07:48:15.113, 91, 4310, 202.89
2026/10/01 07:48:15.626, 91, 4310, 202.78
2026/10/01 07:48:16.127, 91, 4310, 202.85
2026/10/01 07:48:16.641, 90, 4310, 203.04
2026/10/01 07:48:17.142, 90, 4310, 203.10
2026/10/01 07:48:17.654, 89, 4310, 203.20
2026/10/01 07:48:18.167, 87, 4310, 203.02
2026/10/01 07:48:18.682, 88, 4310, 202.70
2026/10/01 07:48:19.184, 88, 4310, 202.24
2026/10/01 07:48:19.694, 91, 4310, 202.29
2026/10/01 07:48:20.206, 90, 4310, 200.07
2026/10/01 07:48:20.706, 91, 4310, 200.85
2026/10/01 07:48:21.221, 91, 4310, 202.65
2026/10/01 07:48:21.735, 91, 4310, 202.54
2026/10/01 07:48:22.247, 88, 4310, 202.60
2026/10/01 07:48:22.761, 91, 4310, 202.83
2026/10/01 07:48:23.273, 91, 4310, 202.98
2026/10/01 07:48:23.785, 85, 4310, 202.83
2026/10/01 07:48:24.299, 90, 4310, 201.59
2026/10/01 07:48:24.814, 88, 4312, 201.56
2026/10/01 07:48:25.327, 73, 4306, 200.16
2026/10/01 07:48:25.843, 91, 4306, 199.25
2026/10/01 07:48:26.353, 87, 4306, 200.15
2026/10/01 07:48:26.868, 91, 4306, 202.50
2026/10/01 07:48:27.382, 87, 4306, 201.94
2026/10/01 07:48:27.896, 90, 4306, 201.95
2026/10/01 07:48:28.409, 94, 4310, 198.56
2026/10/01 07:48:28.909, 94, 4310, 189.74
2026/10/01 07:48:29.419, 85, 4310, 187.81
2026/10/01 07:48:29.930, 79, 4310, 195.67
2026/10/01 07:48:30.440, 88, 4310, 199.33
2026/10/01 07:48:30.955, 90, 4310, 199.64
2026/10/01 07:48:31.469, 89, 4310, 201.90
2026/10/01 07:48:31.983, 90, 4310, 202.05
2026/10/01 07:48:32.496, 88, 4310, 201.97
2026/10/01 07:48:33.010, 87, 4310, 202.16
2026/10/01 07:48:33.525, 76, 4310, 198.80
2026/10/01 07:48:34.026, 91, 4310, 198.50
2026/10/01 07:48:34.538, 86, 4310, 200.06
2026/10/01 07:48:35.052, 86, 4310, 201.98
2026/10/01 07:48:35.567, 90, 4310, 202.31
2026/10/01 07:48:36.068, 90, 4310, 202.41
2026/10/01 07:48:36.581, 16, 4311, 191.31
2026/10/01 07:48:37.083, 90, 4311, 181.49
2026/10/01 07:48:37.596, 91, 4312, 185.53
2026/10/01 07:48:38.111, 90, 4312, 208.49
2026/10/01 07:48:38.626, 87, 4312, 209.14
2026/10/01 07:48:39.140, 90, 4312, 209.44
2026/10/01 07:48:39.654, 88, 4312, 209.34
2026/10/01 07:48:40.165, 83, 4312, 208.40
2026/10/01 07:48:40.680, 89, 4312, 207.45
2026/10/01 07:48:41.181, 91, 4312, 208.39
2026/10/01 07:48:41.694, 87, 4312, 209.41
2026/10/01 07:48:42.208, 90, 4312, 209.50
2026/10/01 07:48:42.723, 90, 4312, 209.54
2026/10/01 07:48:43.234, 91, 4312, 209.66
2026/10/01 07:48:43.735, 91, 4312, 209.00
2026/10/01 07:48:44.249, 90, 4312, 209.47
2026/10/01 07:48:44.763, 89, 4312, 209.20
2026/10/01 07:48:45.276, 89, 4312, 208.63
2026/10/01 07:48:45.789, 90, 4312, 209.23
2026/10/01 07:48:46.303, 88, 4312, 209.69
2026/10/01 07:48:46.815, 90, 4312, 209.29
2026/10/01 07:48:47.316, 90, 4312, 209.40
2026/10/01 07:48:47.829, 84, 4312, 209.94
2026/10/01 07:48:48.342, 90, 4312, 209.68
2026/10/01 07:48:48.854, 90, 4312, 209.42
2026/10/01 07:48:49.368, 89, 4312, 209.43
2026/10/01 07:48:49.878, 80, 4312, 207.54
2026/10/01 07:48:50.379, 90, 4312, 207.49
2026/10/01 07:48:50.892, 90, 4312, 208.44
2026/10/01 07:48:51.406, 90, 4312, 209.90
2026/10/01 07:48:51.919, 84, 4312, 209.80
2026/10/01 07:48:52.433, 88, 4312, 209.54
2026/10/01 07:48:52.934, 89, 4312, 209.04
2026/10/01 07:48:53.448, 90, 4312, 209.50
2026/10/01 07:48:53.960, 89, 4312, 209.54
2026/10/01 07:48:54.471, 84, 4312, 208.80
2026/10/01 07:48:54.986, 89, 4312, 208.90
2026/10/01 07:48:55.498, 88, 4312, 208.83
2026/10/01 07:48:56.012, 88, 4312, 208.78
2026/10/01 07:48:56.527, 90, 4308, 209.59
2026/10/01 07:48:57.040, 91, 4308, 209.64
2026/10/01 07:48:57.554, 86, 4308, 209.50
2026/10/01 07:48:58.067, 86, 4312, 209.28
2026/10/01 07:48:58.582, 93, 4312, 203.40
2026/10/01 07:48:59.096, 95, 4312, 194.29
2026/10/01 07:48:59.610, 91, 4312, 196.20
2026/10/01 07:49:00.119, 79, 4312, 203.17
2026/10/01 07:49:00.620, 86, 4312, 207.18
2026/10/01 07:49:01.133, 87, 4312, 207.97
2026/10/01 07:49:01.645, 89, 4312, 209.85
2026/10/01 07:49:02.159, 87, 4312, 209.94
2026/10/01 07:49:02.675, 89, 4312, 210.45
2026/10/01 07:49:03.187, 87, 4312, 209.96
2026/10/01 07:49:03.698, 91, 4312, 209.83
2026/10/01 07:49:04.212, 89, 4312, 209.34
2026/10/01 07:49:04.726, 87, 4312, 206.02
2026/10/01 07:49:05.240, 89, 4312, 205.96
2026/10/01 07:49:05.755, 88, 4312, 209.47
2026/10/01 07:49:06.269, 91, 4312, 209.45
2026/10/01 07:49:06.769, 90, 4312, 209.58
2026/10/01 07:49:07.282, 88, 4312, 210.06
2026/10/01 07:49:07.795, 18, 4312, 183.15
2026/10/01 07:49:08.308, 16, 3976, 131.71
2026/10/01 07:49:08.809, 15, 2941, 96.69
